Generation,Entry1,Entry2,Entry3,Entry4,Entry5,Entry6,Entry7,Entry8,Entry9,Entry10,Entry11,Entry12,Entry13,Entry14,Entry15,Entry16,Entry17,Entry18,Entry19,Entry20,Entry21,Entry22,Entry23,Entry24,Entry25,Entry26,Entry27,Entry28,Entry29,Entry30,Entry31,Entry32,Entry33,Entry34,Entry35,Entry36,Entry37,Entry38,Entry39,Entry40,Entry41,Entry42,Entry43,Entry44,Entry45,Entry46,Entry47,Entry48,Entry49,Entry50
1,0.812327 (0.729900 + 0.082427),0.813250 (0.730800 + 0.082450),0.813728 (0.731700 + 0.082028),0.811659 (0.729900 + 0.081759),0.800704 (0.718200 + 0.082504),0.836554 (0.754200 + 0.082354),0.806184 (0.724500 + 0.081684),0.813601 (0.732600 + 0.081001),0.796387 (0.713700 + 0.082687),0.819485 (0.737100 + 0.082385),0.816617 (0.734400 + 0.082217),0.801244 (0.720000 + 0.081244),0.811691 (0.729000 + 0.082691),0.815269 (0.732600 + 0.082669),0.825676 (0.743400 + 0.082276),0.806414 (0.723600 + 0.082814),0.821089 (0.738000 + 0.083089),0.814355 (0.732600 + 0.081755),0.803232 (0.721800 + 0.081432),0.812905 (0.730800 + 0.082105),0.814515 (0.732600 + 0.081915),0.812325 (0.729900 + 0.082425),0.815625 (0.733500 + 0.082125),0.821171 (0.738900 + 0.082271),0.812030 (0.730800 + 0.081230),0.815941 (0.733500 + 0.082441),0.820022 (0.736200 + 0.083822),0.791058 (0.708300 + 0.082758),0.822303 (0.739800 + 0.082503),0.811056 (0.729000 + 0.082056),0.815558 (0.733500 + 0.082058),0.816646 (0.734400 + 0.082246),0.808571 (0.726300 + 0.082271),0.804062 (0.720900 + 0.083162),0.820977 (0.738900 + 0.082077),0.821442 (0.738900 + 0.082542),0.800659 (0.717300 + 0.083359),0.821477 (0.739800 + 0.081677),0.810777 (0.729000 + 0.081777),0.811086 (0.729000 + 0.082086),0.818614 (0.736200 + 0.082414),0.809938 (0.727200 + 0.082738),0.818465 (0.736200 + 0.082265),0.806432 (0.723600 + 0.082832),0.817459 (0.735300 + 0.082159),0.827621 (0.745200 + 0.082421),0.822812 (0.739800 + 0.083012),0.812163 (0.729000 + 0.083163),0.821925 (0.740700 + 0.081225),0.825970 (0.743400 + 0.082570)
2,0.812327 (0.729900 + 0.082427),0.813250 (0.730800 + 0.082450),0.813728 (0.731700 + 0.082028),0.811659 (0.729900 + 0.081759),0.800704 (0.718200 + 0.082504),0.836554 (0.754200 + 0.082354),0.806184 (0.724500 + 0.081684),0.813601 (0.732600 + 0.081001),0.796387 (0.713700 + 0.082687),0.819485 (0.737100 + 0.082385),0.816617 (0.734400 + 0.082217),0.801244 (0.720000 + 0.081244),0.811691 (0.729000 + 0.082691),0.815269 (0.732600 + 0.082669),0.825676 (0.743400 + 0.082276),0.806414 (0.723600 + 0.082814),0.821089 (0.738000 + 0.083089),0.814355 (0.732600 + 0.081755),0.803232 (0.721800 + 0.081432),0.812905 (0.730800 + 0.082105),0.814515 (0.732600 + 0.081915),0.812325 (0.729900 + 0.082425),0.815625 (0.733500 + 0.082125),0.821171 (0.738900 + 0.082271),0.812030 (0.730800 + 0.081230),0.815941 (0.733500 + 0.082441),0.820022 (0.736200 + 0.083822),0.791058 (0.708300 + 0.082758),0.822303 (0.739800 + 0.082503),0.811056 (0.729000 + 0.082056),0.815558 (0.733500 + 0.082058),0.816646 (0.734400 + 0.082246),0.808571 (0.726300 + 0.082271),0.804062 (0.720900 + 0.083162),0.820977 (0.738900 + 0.082077),0.821442 (0.738900 + 0.082542),0.800659 (0.717300 + 0.083359),0.821477 (0.739800 + 0.081677),0.810777 (0.729000 + 0.081777),0.811086 (0.729000 + 0.082086),0.818614 (0.736200 + 0.082414),0.809938 (0.727200 + 0.082738),0.818465 (0.736200 + 0.082265),0.806432 (0.723600 + 0.082832),0.817459 (0.735300 + 0.082159),0.827621 (0.745200 + 0.082421),0.822812 (0.739800 + 0.083012),0.812163 (0.729000 + 0.083163),0.821925 (0.740700 + 0.081225),0.825970 (0.743400 + 0.082570)
3,0.836554 (0.754200 + 0.082354),0.822443 (0.740700 + 0.081743),0.817356 (0.736200 + 0.081156),0.811686 (0.729000 + 0.082686),0.818604 (0.736200 + 0.082404),0.817035 (0.733500 + 0.083535),0.812131 (0.729900 + 0.082231),0.819132 (0.736200 + 0.082932),0.808019 (0.726300 + 0.081719),0.827874 (0.745200 + 0.082674),0.831816 (0.749700 + 0.082116),0.820998 (0.738900 + 0.082098),0.812746 (0.729900 + 0.082846),0.814500 (0.733500 + 0.081000),0.813619 (0.731700 + 0.081919),0.819254 (0.736200 + 0.083054),0.800633 (0.718200 + 0.082433),0.825676 (0.743400 + 0.082276),0.810777 (0.729000 + 0.081777),0.808594 (0.727200 + 0.081394),0.818093 (0.736200 + 0.081893),0.824626 (0.742500 + 0.082126),0.813814 (0.731700 + 0.082114),0.813060 (0.730800 + 0.082260),0.818638 (0.736200 + 0.082438),0.819730 (0.738000 + 0.081730),0.808641 (0.727200 + 0.081441),0.823624 (0.740700 + 0.082924),0.808824 (0.725400 + 0.083424),0.829952 (0.747900 + 0.082052),0.804433 (0.722700 + 0.081733),0.807702 (0.725400 + 0.082302),0.803589 (0.720900 + 0.082689),0.828715 (0.747000 + 0.081715),0.807007 (0.725400 + 0.081607),0.816425 (0.732600 + 0.083825),0.803367 (0.721800 + 0.081567),0.825652 (0.743400 + 0.082252),0.830001 (0.747900 + 0.082101),0.803806 (0.721800 + 0.082006),0.823319 (0.740700 + 0.082619),0.820619 (0.738000 + 0.082619),0.809906 (0.728100 + 0.081806),0.813357 (0.730800 + 0.082557),0.827016 (0.744300 + 0.082716),0.810914 (0.729000 + 0.081914),0.811041 (0.728100 + 0.082941),0.820979 (0.739800 + 0.081179),0.825179 (0.741600 + 0.083579),0.828372 (0.746100 + 0.082272)
4,0.836554 (0.754200 + 0.082354),0.813897 (0.731700 + 0.082197),0.811150 (0.729000 + 0.082150),0.813136 (0.730800 + 0.082336),0.832548 (0.750600 + 0.081948),0.826891 (0.744300 + 0.082591),0.824590 (0.743400 + 0.081190),0.828715 (0.747000 + 0.081715),0.823319 (0.740700 + 0.082619),0.815895 (0.733500 + 0.082395),0.826580 (0.744300 + 0.082279),0.822869 (0.739800 + 0.083069),0.820938 (0.738900 + 0.082038),0.830794 (0.748800 + 0.081994),0.813179 (0.729900 + 0.083279),0.833017 (0.749700 + 0.083317),0.811748 (0.729900 + 0.081848),0.816847 (0.735300 + 0.081547),0.821012 (0.738900 + 0.082112),0.829952 (0.747900 + 0.082052),0.824626 (0.742500 + 0.082126),0.840405 (0.758700 + 0.081705),0.808928 (0.727200 + 0.081727),0.811216 (0.729000 + 0.082216),0.813181 (0.730800 + 0.082381),0.815450 (0.732600 + 0.082850),0.828537 (0.746100 + 0.082437),0.825679 (0.743400 + 0.082279),0.813587 (0.730800 + 0.082787),0.809034 (0.727200 + 0.081834),0.824671 (0.742500 + 0.082171),0.827499 (0.745200 + 0.082299),0.806941 (0.725400 + 0.081541),0.825676 (0.743400 + 0.082276),0.803806 (0.721800 + 0.082006),0.823624 (0.740700 + 0.082924),0.821759 (0.738900 + 0.082859),0.801852 (0.720900 + 0.080952),0.830743 (0.748800 + 0.081943),0.821406 (0.739800 + 0.081606),0.836178 (0.753300 + 0.082878),0.811872 (0.729900 + 0.081972),0.830398 (0.748800 + 0.081598),0.809625 (0.729000 + 0.080625),0.814500 (0.733500 + 0.081000),0.827834 (0.744300 + 0.083534),0.826305 (0.744300 + 0.082005),0.827979 (0.746100 + 0.081879),0.807382 (0.725400 + 0.081982),0.821553 (0.738900 + 0.082653)
5,0.840405 (0.758700 + 0.081705),0.820436 (0.738000 + 0.082436),0.812459 (0.729900 + 0.082559),0.830141 (0.747000 + 0.083141),0.822869 (0.739800 + 0.083069),0.822973 (0.740700 + 0.082273),0.813181 (0.730800 + 0.082381),0.834040 (0.751500 + 0.082540),0.821542 (0.738900 + 0.082642),0.828837 (0.746100 + 0.082737),0.813558 (0.731700 + 0.081858),0.833017 (0.749700 + 0.083317),0.833017 (0.749700 + 0.083317),0.810210 (0.729000 + 0.081210),0.825410 (0.741600 + 0.083810),0.827252 (0.745200 + 0.082052),0.819336 (0.738000 + 0.081336),0.829338 (0.747900 + 0.081438),0.814581 (0.732600 + 0.081981),0.822267 (0.740700 + 0.081567),0.831565 (0.747900 + 0.083665),0.818393 (0.736200 + 0.082193),0.812395 (0.729900 + 0.082495),0.832487 (0.749700 + 0.082787),0.811784 (0.729000 + 0.082784),0.827307 (0.745200 + 0.082107),0.824482 (0.742500 + 0.081982),0.813258 (0.731700 + 0.081558),0.823705 (0.741600 + 0.082105),0.836178 (0.753300 + 0.082878),0.821497 (0.738900 + 0.082597),0.818743 (0.737100 + 0.081643),0.819507 (0.738000 + 0.081507),0.834257 (0.752400 + 0.081857),0.805550 (0.724500 + 0.081050),0.829820 (0.747900 + 0.081920),0.805601 (0.723600 + 0.082001),0.800562 (0.718200 + 0.082362),0.835875 (0.752400 + 0.083475),0.826218 (0.744300 + 0.081918),0.818501 (0.737100 + 0.081401),0.831518 (0.748800 + 0.082718),0.836029 (0.754200 + 0.081829),0.825030 (0.742500 + 0.082530),0.813114 (0.729900 + 0.083214),0.830096 (0.747900 + 0.082197),0.825853 (0.744300 + 0.081553),0.835938 (0.754200 + 0.081738),0.832017 (0.749700 + 0.082317),0.822555 (0.739800 + 0.082755)
6,0.840405 (0.758700 + 0.081705),0.839803 (0.757800 + 0.082003),0.820958 (0.738900 + 0.082059),0.833017 (0.749700 + 0.083317),0.829820 (0.747900 + 0.081920),0.822624 (0.740700 + 0.081924),0.815618 (0.733500 + 0.082118),0.826274 (0.743400 + 0.082874),0.816287 (0.735300 + 0.080987),0.831341 (0.748800 + 0.082541),0.827507 (0.745200 + 0.082307),0.815183 (0.733500 + 0.081683),0.821115 (0.738900 + 0.082215),0.825876 (0.743400 + 0.082476),0.821094 (0.738900 + 0.082194),0.832205 (0.749700 + 0.082505),0.830693 (0.748800 + 0.081893),0.817062 (0.735300 + 0.081762),0.827277 (0.744300 + 0.082977),0.833816 (0.750600 + 0.083216),0.820412 (0.738900 + 0.081512),0.807327 (0.723600 + 0.083727),0.816575 (0.734400 + 0.082175),0.833142 (0.751500 + 0.081642),0.817139 (0.735300 + 0.081839),0.817455 (0.733500 + 0.083955),0.830889 (0.748800 + 0.082089),0.821397 (0.739800 + 0.081597),0.831656 (0.748800 + 0.082856),0.820100 (0.738000 + 0.082100),0.831898 (0.748800 + 0.083098),0.836221 (0.754200 + 0.082021),0.818285 (0.736200 + 0.082085),0.807008 (0.725400 + 0.081608),0.815708 (0.734400 + 0.081308),0.830024 (0.747900 + 0.082124),0.817485 (0.735300 + 0.082185),0.823602 (0.740700 + 0.082902),0.825548 (0.744300 + 0.081248),0.824076 (0.743400 + 0.080676),0.830687 (0.747900 + 0.082787),0.830724 (0.747000 + 0.083724),0.832940 (0.750600 + 0.082340),0.817578 (0.736200 + 0.081379),0.832330 (0.750600 + 0.081730),0.823472 (0.741600 + 0.081872),0.831957 (0.750600 + 0.081357),0.821777 (0.739800 + 0.081977),0.827766 (0.744300 + 0.083466),0.822881 (0.740700 + 0.082181)
7,0.840405 (0.758700 + 0.081705),0.815289 (0.733500 + 0.081789),0.821104 (0.738900 + 0.082205),0.820516 (0.738900 + 0.081616),0.825828 (0.744300 + 0.081528),0.817778 (0.734400 + 0.083378),0.825567 (0.742500 + 0.083067),0.806672 (0.724500 + 0.082172),0.825130 (0.743400 + 0.081730),0.825141 (0.743400 + 0.081741),0.824756 (0.741600 + 0.083156),0.815339 (0.733500 + 0.081839),0.822156 (0.739800 + 0.082356),0.827982 (0.746100 + 0.081882),0.827098 (0.745200 + 0.081898),0.823239 (0.740700 + 0.082539),0.832933 (0.751500 + 0.081433),0.830446 (0.747900 + 0.082546),0.838034 (0.756000 + 0.082034),0.826521 (0.744300 + 0.082221),0.836525 (0.753300 + 0.083225),0.816781 (0.735300 + 0.081481),0.824753 (0.743400 + 0.081353),0.834840 (0.754200 + 0.080640),0.826802 (0.743400 + 0.083402),0.821420 (0.738000 + 0.083420),0.827820 (0.744300 + 0.083520),0.832330 (0.750600 + 0.081730),0.832330 (0.750600 + 0.081730),0.833142 (0.751500 + 0.081642),0.833017 (0.749700 + 0.083317),0.832940 (0.750600 + 0.082340),0.833017 (0.749700 + 0.083317),0.831460 (0.749700 + 0.081760),0.829909 (0.747900 + 0.082009),0.825781 (0.743400 + 0.082381),0.828803 (0.747000 + 0.081803),0.822390 (0.741600 + 0.080790),0.839974 (0.756900 + 0.083074),0.837321 (0.756000 + 0.081321),0.824535 (0.740700 + 0.083835),0.839803 (0.757800 + 0.082003),0.833816 (0.750600 + 0.083216),0.821332 (0.739800 + 0.081532),0.829644 (0.747900 + 0.081744),0.825774 (0.744300 + 0.081474),0.812712 (0.730800 + 0.081912),0.821777 (0.739800 + 0.081977),0.830940 (0.747000 + 0.083940),0.822880 (0.739800 + 0.083080)
8,0.840405 (0.758700 + 0.081705),0.837691 (0.756000 + 0.081691),0.816682 (0.733500 + 0.083182),0.817402 (0.736200 + 0.081202),0.822156 (0.739800 + 0.082356),0.843373 (0.761400 + 0.081973),0.829250 (0.747000 + 0.082250),0.822492 (0.740700 + 0.081792),0.832106 (0.748800 + 0.083306),0.835911 (0.754200 + 0.081711),0.839374 (0.757800 + 0.081574),0.833578 (0.750600 + 0.082978),0.825984 (0.743400 + 0.082584),0.831586 (0.749700 + 0.081886),0.830303 (0.747900 + 0.082403),0.841287 (0.759600 + 0.081687),0.820355 (0.737100 + 0.083255),0.824924 (0.743400 + 0.081524),0.833779 (0.750600 + 0.083179),0.810148 (0.729000 + 0.081148),0.822839 (0.739800 + 0.083039),0.822147 (0.740700 + 0.081447),0.837542 (0.754200 + 0.083342),0.833816 (0.750600 + 0.083216),0.828803 (0.747000 + 0.081803),0.825800 (0.743400 + 0.082400),0.831000 (0.747900 + 0.083100),0.826663 (0.744300 + 0.082363),0.825388 (0.743400 + 0.081988),0.833418 (0.750600 + 0.082818),0.823239 (0.740700 + 0.082539),0.829557 (0.747900 + 0.081657),0.827901 (0.746100 + 0.081801),0.828650 (0.747000 + 0.081650),0.834063 (0.750600 + 0.083463),0.820500 (0.738900 + 0.081600),0.835247 (0.753300 + 0.081947),0.830920 (0.749700 + 0.081220),0.828890 (0.745200 + 0.083690),0.831301 (0.750600 + 0.080701),0.831186 (0.749700 + 0.081486),0.827648 (0.745200 + 0.082448),0.833576 (0.750600 + 0.082976),0.834516 (0.752400 + 0.082116),0.828342 (0.745200 + 0.083142),0.833604 (0.751500 + 0.082104),0.833162 (0.752400 + 0.080762),0.811827 (0.728100 + 0.083727),0.830332 (0.748800 + 0.081532),0.837065 (0.755100 + 0.081965)
9,0.843373 (0.761400 + 0.081973),0.833418 (0.750600 + 0.082818),0.822839 (0.739800 + 0.083039),0.833277 (0.749700 + 0.083577),0.824032 (0.743400 + 0.080632),0.828434 (0.747000 + 0.081434),0.837641 (0.756000 + 0.081641),0.829443 (0.747900 + 0.081543),0.833707 (0.751500 + 0.082207),0.836433 (0.755100 + 0.081333),0.826628 (0.744300 + 0.082328),0.837691 (0.756000 + 0.081691),0.841287 (0.759600 + 0.081687),0.833162 (0.752400 + 0.080762),0.833162 (0.752400 + 0.080762),0.834107 (0.752400 + 0.081707),0.839934 (0.757800 + 0.082134),0.828601 (0.747000 + 0.081601),0.832136 (0.750600 + 0.081536),0.839302 (0.757800 + 0.081502),0.811487 (0.729900 + 0.081587),0.828428 (0.746100 + 0.082328),0.828413 (0.747000 + 0.081413),0.854076 (0.772200 + 0.081876),0.832488 (0.749700 + 0.082788),0.837691 (0.756000 + 0.081691),0.840405 (0.758700 + 0.081705),0.830672 (0.748800 + 0.081872),0.830714 (0.748800 + 0.081914),0.829810 (0.747900 + 0.081910),0.836382 (0.755100 + 0.081282),0.843373 (0.761400 + 0.081973),0.828039 (0.747000 + 0.081039),0.832504 (0.749700 + 0.082804),0.824876 (0.741600 + 0.083276),0.834300 (0.751500 + 0.082800),0.821549 (0.738900 + 0.082649),0.821248 (0.738000 + 0.083248),0.817265 (0.735300 + 0.081965),0.825836 (0.744300 + 0.081536),0.834064 (0.752400 + 0.081664),0.818275 (0.736200 + 0.082075),0.831574 (0.750600 + 0.080974),0.823105 (0.740700 + 0.082405),0.847114 (0.765000 + 0.082114),0.822181 (0.739800 + 0.082382),0.845423 (0.764100 + 0.081323),0.837691 (0.756000 + 0.081691),0.836040 (0.755100 + 0.080940),0.830291 (0.747900 + 0.082391)
10,0.854076 (0.772200 + 0.081876),0.806257 (0.724500 + 0.081757),0.833342 (0.752400 + 0.080942),0.834030 (0.752400 + 0.081630),0.839863 (0.756900 + 0.082963),0.850216 (0.768600 + 0.081617),0.830507 (0.749700 + 0.080807),0.854076 (0.772200 + 0.081876),0.834064 (0.752400 + 0.081664),0.832172 (0.749700 + 0.082472),0.824019 (0.741600 + 0.082419),0.823891 (0.742500 + 0.081391),0.843035 (0.761400 + 0.081635),0.829061 (0.747000 + 0.082061),0.833547 (0.751500 + 0.082047),0.841287 (0.759600 + 0.081687),0.837691 (0.756000 + 0.081691),0.838854 (0.756900 + 0.081954),0.838184 (0.756000 + 0.082184),0.840723 (0.757800 + 0.082923),0.844791 (0.764100 + 0.080691),0.834930 (0.753300 + 0.081630),0.827802 (0.746100 + 0.081702),0.822793 (0.741600 + 0.081193),0.828677 (0.747900 + 0.080777),0.843373 (0.761400 + 0.081973),0.830714 (0.748800 + 0.081914),0.815452 (0.732600 + 0.082852),0.834490 (0.753300 + 0.081190),0.833525 (0.752400 + 0.081125),0.840452 (0.758700 + 0.081752),0.825185 (0.743400 + 0.081785),0.821766 (0.740700 + 0.081066),0.837641 (0.756000 + 0.081641),0.828601 (0.747000 + 0.081601),0.830410 (0.748800 + 0.081610),0.834732 (0.753300 + 0.081431),0.843373 (0.761400 + 0.081973),0.833707 (0.751500 + 0.082207),0.839022 (0.756900 + 0.082122),0.835740 (0.754200 + 0.081540),0.833121 (0.751500 + 0.081621),0.828843 (0.745200 + 0.083643),0.830956 (0.748800 + 0.082156),0.825606 (0.743400 + 0.082206),0.845423 (0.764100 + 0.081323),0.829443 (0.747900 + 0.081543),0.840142 (0.758700 + 0.081442),0.838975 (0.756900 + 0.082075),0.836121 (0.754200 + 0.081921)
11,0.854076 (0.772200 + 0.081876),0.841140 (0.759600 + 0.081540),0.837595 (0.756000 + 0.081595),0.827836 (0.747000 + 0.080836),0.829156 (0.747000 + 0.082156),0.836700 (0.755100 + 0.081600),0.840541 (0.758700 + 0.081841),0.827509 (0.746100 + 0.081410),0.848868 (0.766800 + 0.082068),0.829536 (0.747900 + 0.081636),0.832227 (0.750600 + 0.081627),0.827831 (0.747000 + 0.080831),0.841698 (0.761400 + 0.080298),0.831592 (0.749700 + 0.081892),0.824291 (0.742500 + 0.081791),0.832955 (0.752400 + 0.080555),0.837582 (0.756000 + 0.081582),0.838670 (0.756900 + 0.081770),0.831715 (0.750600 + 0.081116),0.839466 (0.756900 + 0.082566),0.829566 (0.747000 + 0.082566),0.815753 (0.735300 + 0.080453),0.833772 (0.752400 + 0.081372),0.825377 (0.743400 + 0.081977),0.830414 (0.748800 + 0.081614),0.852345 (0.770400 + 0.081945),0.833639 (0.751500 + 0.082139),0.823661 (0.742500 + 0.081161),0.842467 (0.760500 + 0.081967),0.834419 (0.752400 + 0.082019),0.854076 (0.772200 + 0.081876),0.836854 (0.755100 + 0.081754),0.848069 (0.766800 + 0.081269),0.843373 (0.761400 + 0.081973),0.854076 (0.772200 + 0.081876),0.842000 (0.760500 + 0.081500),0.833152 (0.749700 + 0.083452),0.834930 (0.753300 + 0.081630),0.841983 (0.760500 + 0.081483),0.843373 (0.761400 + 0.081973),0.825606 (0.743400 + 0.082206),0.842584 (0.761400 + 0.081184),0.847816 (0.765000 + 0.082816),0.854076 (0.772200 + 0.081876),0.837390 (0.755100 + 0.082290),0.829193 (0.746100 + 0.083093),0.826304 (0.744300 + 0.082004),0.835740 (0.754200 + 0.081540),0.835740 (0.754200 + 0.081540),0.841856 (0.760500 + 0.081356)
12,0.854076 (0.772200 + 0.081876),0.853244 (0.771300 + 0.081944),0.850669 (0.768600 + 0.082070),0.835880 (0.754200 + 0.081680),0.841460 (0.760500 + 0.080960),0.831386 (0.749700 + 0.081686),0.821224 (0.738900 + 0.082324),0.829852 (0.747900 + 0.081952),0.843364 (0.761400 + 0.081964),0.832456 (0.750600 + 0.081856),0.844807 (0.763200 + 0.081607),0.849370 (0.767700 + 0.081670),0.834196 (0.752400 + 0.081796),0.834345 (0.752400 + 0.081945),0.844078 (0.762300 + 0.081778),0.847816 (0.765000 + 0.082816),0.835946 (0.754200 + 0.081746),0.833929 (0.752400 + 0.081529),0.834719 (0.753300 + 0.081419),0.830775 (0.749700 + 0.081075),0.837647 (0.756900 + 0.080747),0.847816 (0.765000 + 0.082816),0.833376 (0.750600 + 0.082776),0.822002 (0.739800 + 0.082202),0.843041 (0.761400 + 0.081641),0.833494 (0.751500 + 0.081994),0.830297 (0.748800 + 0.081497),0.843993 (0.762300 + 0.081693),0.846727 (0.765000 + 0.081727),0.833718 (0.752400 + 0.081318),0.844142 (0.762300 + 0.081842),0.829805 (0.749700 + 0.080105),0.835385 (0.753300 + 0.082085),0.844142 (0.761400 + 0.082743),0.841490 (0.759600 + 0.081890),0.841140 (0.759600 + 0.081540),0.835740 (0.754200 + 0.081540),0.813715 (0.731700 + 0.082015),0.824117 (0.740700 + 0.083417),0.842265 (0.760500 + 0.081765),0.850881 (0.769500 + 0.081381),0.846627 (0.765000 + 0.081627),0.848956 (0.765900 + 0.083056),0.829126 (0.747900 + 0.081226),0.831222 (0.749700 + 0.081522),0.846050 (0.764100 + 0.081950),0.832480 (0.750600 + 0.081880),0.833362 (0.750600 + 0.082762),0.854076 (0.772200 + 0.081876),0.838678 (0.756900 + 0.081778)
13,0.854076 (0.772200 + 0.081876),0.831359 (0.749700 + 0.081659),0.839435 (0.757800 + 0.081635),0.844142 (0.761400 + 0.082743),0.833494 (0.751500 + 0.081994),0.828220 (0.747000 + 0.081220),0.826694 (0.746100 + 0.080594),0.845455 (0.762300 + 0.083155),0.849489 (0.767700 + 0.081789),0.850239 (0.768600 + 0.081639),0.825577 (0.744300 + 0.081277),0.846727 (0.765000 + 0.081727),0.837647 (0.756900 + 0.080747),0.839299 (0.757800 + 0.081499),0.838055 (0.755100 + 0.082955),0.850881 (0.769500 + 0.081381),0.843338 (0.762300 + 0.081038),0.841489 (0.760500 + 0.080989),0.849083 (0.765900 + 0.083183),0.832803 (0.751500 + 0.081303),0.820270 (0.738000 + 0.082270),0.842467 (0.760500 + 0.081967),0.836828 (0.754200 + 0.082628),0.850881 (0.769500 + 0.081381),0.844142 (0.762300 + 0.081842),0.849300 (0.766800 + 0.082500),0.851448 (0.769500 + 0.081948),0.824612 (0.743400 + 0.081212),0.847257 (0.765900 + 0.081357),0.854076 (0.772200 + 0.081876),0.834719 (0.753300 + 0.081419),0.852400 (0.769500 + 0.082900),0.833594 (0.752400 + 0.081194),0.829538 (0.747900 + 0.081638),0.839752 (0.758700 + 0.081052),0.843290 (0.761400 + 0.081890),0.825550 (0.744300 + 0.081250),0.842582 (0.761400 + 0.081182),0.849674 (0.767700 + 0.081974),0.845157 (0.763200 + 0.081957),0.838032 (0.756900 + 0.081132),0.831524 (0.749700 + 0.081824),0.843529 (0.760500 + 0.083029),0.843373 (0.761400 + 0.081973),0.846546 (0.765000 + 0.081546),0.826562 (0.745200 + 0.081362),0.845855 (0.764100 + 0.081755),0.848652 (0.766800 + 0.081852),0.836078 (0.754200 + 0.081878),0.854076 (0.772200 + 0.081876)
14,0.854076 (0.772200 + 0.081876),0.850239 (0.768600 + 0.081639),0.846727 (0.765000 + 0.081727),0.851148 (0.769500 + 0.081648),0.843343 (0.760500 + 0.082843),0.850881 (0.769500 + 0.081381),0.854076 (0.772200 + 0.081876),0.820287 (0.738900 + 0.081387),0.840231 (0.758700 + 0.081531),0.841177 (0.757800 + 0.083377),0.851143 (0.769500 + 0.081643),0.837470 (0.756900 + 0.080570),0.835408 (0.754200 + 0.081208),0.827452 (0.746100 + 0.081352),0.841382 (0.758700 + 0.082682),0.840476 (0.759600 + 0.080876),0.850079 (0.768600 + 0.081479),0.833833 (0.752400 + 0.081433),0.840148 (0.758700 + 0.081448),0.836299 (0.755100 + 0.081199),0.835963 (0.754200 + 0.081763),0.831801 (0.750600 + 0.081201),0.833525 (0.752400 + 0.081125),0.852868 (0.771300 + 0.081568),0.846938 (0.765000 + 0.081938),0.849674 (0.767700 + 0.081974),0.834121 (0.752400 + 0.081721),0.829508 (0.747900 + 0.081608),0.844599 (0.761400 + 0.083199),0.838116 (0.756900 + 0.081216),0.830995 (0.749700 + 0.081295),0.835695 (0.753300 + 0.082395),0.837487 (0.756000 + 0.081487),0.832594 (0.749700 + 0.082894),0.844259 (0.762300 + 0.081959),0.835268 (0.753300 + 0.081968),0.842358 (0.761400 + 0.080958),0.833922 (0.752400 + 0.081522),0.834305 (0.752400 + 0.081905),0.829769 (0.748800 + 0.080969),0.833863 (0.751500 + 0.082363),0.829477 (0.747000 + 0.082477),0.831467 (0.749700 + 0.081767),0.825324 (0.742500 + 0.082824),0.845448 (0.764100 + 0.081348),0.842299 (0.759600 + 0.082699),0.833739 (0.751500 + 0.082239),0.846802 (0.765000 + 0.081802),0.826212 (0.745200 + 0.081012),0.838407 (0.756900 + 0.081507)
15,0.854076 (0.772200 + 0.081876),0.853518 (0.772200 + 0.081318),0.837837 (0.756900 + 0.080937),0.834621 (0.753300 + 0.081321),0.838336 (0.756900 + 0.081436),0.850079 (0.768600 + 0.081479),0.829834 (0.747900 + 0.081934),0.832718 (0.750600 + 0.082118),0.843834 (0.761400 + 0.082434),0.851463 (0.769500 + 0.081963),0.843848 (0.762300 + 0.081548),0.832959 (0.751500 + 0.081459),0.820108 (0.738900 + 0.081208),0.841428 (0.759600 + 0.081828),0.840856 (0.759600 + 0.081256),0.837478 (0.756000 + 0.081478),0.842319 (0.760500 + 0.081819),0.837251 (0.755100 + 0.082151),0.830642 (0.748800 + 0.081842),0.836172 (0.755100 + 0.081072),0.844237 (0.763200 + 0.081037),0.850881 (0.769500 + 0.081381),0.850881 (0.769500 + 0.081381),0.829239 (0.747900 + 0.081339),0.846874 (0.765000 + 0.081874),0.833699 (0.752400 + 0.081299),0.837483 (0.756000 + 0.081483),0.832881 (0.749700 + 0.083181),0.828998 (0.747900 + 0.081098),0.854076 (0.772200 + 0.081876),0.839244 (0.757800 + 0.081444),0.844259 (0.762300 + 0.081959),0.828893 (0.747000 + 0.081893),0.827413 (0.746100 + 0.081313),0.853667 (0.772200 + 0.081467),0.834912 (0.754200 + 0.080712),0.851906 (0.770400 + 0.081506),0.853326 (0.771300 + 0.082026),0.828392 (0.746100 + 0.082292),0.829056 (0.747900 + 0.081156),0.839730 (0.757800 + 0.081930),0.841166 (0.759600 + 0.081566),0.826180 (0.744300 + 0.081880),0.838708 (0.756900 + 0.081808),0.840941 (0.759600 + 0.081341),0.848517 (0.765900 + 0.082617),0.831369 (0.750600 + 0.080769),0.822821 (0.741600 + 0.081221),0.834991 (0.753300 + 0.081691),0.832484 (0.751500 + 0.080984)
16,0.854076 (0.772200 + 0.081876),0.844052 (0.762300 + 0.081752),0.845395 (0.763200 + 0.082195),0.836577 (0.755100 + 0.081477),0.850582 (0.768600 + 0.081982),0.832140 (0.750600 + 0.081540),0.846874 (0.765000 + 0.081874),0.830953 (0.749700 + 0.081253),0.849223 (0.767700 + 0.081523),0.848610 (0.766800 + 0.081810),0.836668 (0.755100 + 0.081568),0.837082 (0.756000 + 0.081082),0.846606 (0.765000 + 0.081606),0.835807 (0.754200 + 0.081607),0.834735 (0.754200 + 0.080535),0.841978 (0.760500 + 0.081478),0.839352 (0.757800 + 0.081552),0.846874 (0.765000 + 0.081874),0.826862 (0.745200 + 0.081662),0.842319 (0.760500 + 0.081819),0.842319 (0.760500 + 0.081819),0.838261 (0.756900 + 0.081361),0.847469 (0.765900 + 0.081569),0.832954 (0.751500 + 0.081455),0.847797 (0.765900 + 0.081897),0.832825 (0.750600 + 0.082225),0.846598 (0.765000 + 0.081598),0.851463 (0.769500 + 0.081963),0.847344 (0.765900 + 0.081444),0.853579 (0.773100 + 0.080479),0.833016 (0.751500 + 0.081516),0.837949 (0.756900 + 0.081049),0.845470 (0.763200 + 0.082270),0.837854 (0.756900 + 0.080954),0.849063 (0.767700 + 0.081363),0.846389 (0.765000 + 0.081389),0.835916 (0.754200 + 0.081716),0.845493 (0.764100 + 0.081394),0.845986 (0.764100 + 0.081886),0.833962 (0.752400 + 0.081562),0.847651 (0.765000 + 0.082651),0.847666 (0.765900 + 0.081766),0.837465 (0.756000 + 0.081465),0.841043 (0.759600 + 0.081443),0.834318 (0.753300 + 0.081018),0.827588 (0.745200 + 0.082388),0.852705 (0.771300 + 0.081405),0.838798 (0.756900 + 0.081898),0.841027 (0.759600 + 0.081427),0.836195 (0.755100 + 0.081096)
17,0.854076 (0.772200 + 0.081876),0.841237 (0.759600 + 0.081637),0.841139 (0.759600 + 0.081539),0.844682 (0.763200 + 0.081482),0.831458 (0.750600 + 0.080858),0.849141 (0.766800 + 0.082341),0.842990 (0.761400 + 0.081590),0.843570 (0.762300 + 0.081270),0.852995 (0.771300 + 0.081695),0.837128 (0.755100 + 0.082028),0.850290 (0.768600 + 0.081690),0.839849 (0.757800 + 0.082049),0.844787 (0.763200 + 0.081587),0.839695 (0.757800 + 0.081895),0.843695 (0.762300 + 0.081395),0.844096 (0.763200 + 0.080896),0.833927 (0.751500 + 0.082427),0.832810 (0.751500 + 0.081310),0.831789 (0.750600 + 0.081189),0.839032 (0.757800 + 0.081232),0.837939 (0.756000 + 0.081939),0.831902 (0.750600 + 0.081302),0.841757 (0.760500 + 0.081257),0.824140 (0.743400 + 0.080740),0.846466 (0.765000 + 0.081466),0.842394 (0.760500 + 0.081894),0.846247 (0.764100 + 0.082147),0.847797 (0.765900 + 0.081897),0.830576 (0.747900 + 0.082677),0.841537 (0.758700 + 0.082837),0.844502 (0.763200 + 0.081302),0.833186 (0.750600 + 0.082586),0.842319 (0.760500 + 0.081819),0.832812 (0.751500 + 0.081312),0.842536 (0.761400 + 0.081136),0.839250 (0.757800 + 0.081450),0.841228 (0.759600 + 0.081628),0.859176 (0.777600 + 0.081576),0.861522 (0.780300 + 0.081222),0.845652 (0.764100 + 0.081552),0.845468 (0.764100 + 0.081368),0.847344 (0.765900 + 0.081444),0.846606 (0.765000 + 0.081606),0.847085 (0.765000 + 0.082085),0.830165 (0.748800 + 0.081365),0.847558 (0.765900 + 0.081658),0.851720 (0.771300 + 0.080420),0.841980 (0.760500 + 0.081480),0.836193 (0.754200 + 0.081993),0.848610 (0.766800 + 0.081810)
18,0.861522 (0.780300 + 0.081222),0.842894 (0.761400 + 0.081494),0.833486 (0.751500 + 0.081986),0.842570 (0.761400 + 0.081170),0.843600 (0.762300 + 0.081300),0.843716 (0.762300 + 0.081416),0.843945 (0.762300 + 0.081645),0.852336 (0.771300 + 0.081036),0.849214 (0.768600 + 0.080615),0.827783 (0.746100 + 0.081683),0.840094 (0.758700 + 0.081394),0.851720 (0.771300 + 0.080420),0.843570 (0.762300 + 0.081270),0.849813 (0.767700 + 0.082113),0.841432 (0.759600 + 0.081832),0.835974 (0.755100 + 0.080874),0.849110 (0.767700 + 0.081410),0.850717 (0.769500 + 0.081217),0.835032 (0.753300 + 0.081732),0.832166 (0.750600 + 0.081566),0.853692 (0.772200 + 0.081492),0.836555 (0.755100 + 0.081455),0.841958 (0.760500 + 0.081458),0.847660 (0.765900 + 0.081760),0.838771 (0.756900 + 0.081871),0.848397 (0.767700 + 0.080697),0.831943 (0.750600 + 0.081343),0.838921 (0.757800 + 0.081121),0.837850 (0.756900 + 0.080950),0.841164 (0.759600 + 0.081564),0.833348 (0.752400 + 0.080948),0.837482 (0.756000 + 0.081482),0.841498 (0.759600 + 0.081898),0.846247 (0.764100 + 0.082147),0.842394 (0.760500 + 0.081894),0.836044 (0.754200 + 0.081844),0.852486 (0.771300 + 0.081186),0.838779 (0.756900 + 0.081879),0.842152 (0.760500 + 0.081652),0.845420 (0.764100 + 0.081320),0.841797 (0.760500 + 0.081297),0.824727 (0.742500 + 0.082227),0.847809 (0.765900 + 0.081909),0.832789 (0.749700 + 0.083089),0.839082 (0.757800 + 0.081282),0.833507 (0.752400 + 0.081107),0.849399 (0.767700 + 0.081699),0.838992 (0.756900 + 0.082092),0.840134 (0.757800 + 0.082334),0.840257 (0.758700 + 0.081557)
19,0.861522 (0.780300 + 0.081222),0.832438 (0.751500 + 0.080938),0.834749 (0.753300 + 0.081449),0.848519 (0.767700 + 0.080819),0.837287 (0.756000 + 0.081287),0.832047 (0.750600 + 0.081447),0.843345 (0.761400 + 0.081945),0.842035 (0.760500 + 0.081535),0.843625 (0.762300 + 0.081325),0.843716 (0.762300 + 0.081416),0.831633 (0.748800 + 0.082833),0.852879 (0.771300 + 0.081579),0.829888 (0.747900 + 0.081988),0.847048 (0.765000 + 0.082048),0.838626 (0.756900 + 0.081726),0.827357 (0.746100 + 0.081257),0.844473 (0.763200 + 0.081273),0.835626 (0.754200 + 0.081426),0.838879 (0.756900 + 0.081979),0.844492 (0.763200 + 0.081292),0.821093 (0.739800 + 0.081293),0.831886 (0.750600 + 0.081286),0.839462 (0.757800 + 0.081662),0.844263 (0.763200 + 0.081063),0.830993 (0.749700 + 0.081293),0.851720 (0.771300 + 0.080420),0.849214 (0.768600 + 0.080615),0.821393 (0.739800 + 0.081593),0.852205 (0.770400 + 0.081805),0.849110 (0.767700 + 0.081410),0.843600 (0.762300 + 0.081300),0.849132 (0.767700 + 0.081432),0.848079 (0.766800 + 0.081279),0.825431 (0.745200 + 0.080231),0.850830 (0.769500 + 0.081330),0.842083 (0.761400 + 0.080683),0.851713 (0.770400 + 0.081313),0.844216 (0.762300 + 0.081916),0.839657 (0.757800 + 0.081857),0.846594 (0.765900 + 0.080694),0.848822 (0.767700 + 0.081122),0.852336 (0.771300 + 0.081036),0.861522 (0.780300 + 0.081222),0.840317 (0.758700 + 0.081618),0.842295 (0.760500 + 0.081795),0.851504 (0.769500 + 0.082004),0.849722 (0.767700 + 0.082022),0.843520 (0.762300 + 0.081220),0.850262 (0.768600 + 0.081662),0.849155 (0.767700 + 0.081455)
20,0.861522 (0.780300 + 0.081222),0.845875 (0.764100 + 0.081775),0.860327 (0.778500 + 0.081827),0.851817 (0.769500 + 0.082317),0.826453 (0.745200 + 0.081253),0.839240 (0.757800 + 0.081440),0.834276 (0.752400 + 0.081876),0.825417 (0.744300 + 0.081117),0.843944 (0.762300 + 0.081644),0.845598 (0.764100 + 0.081498),0.841920 (0.760500 + 0.081420),0.833804 (0.752400 + 0.081404),0.843429 (0.762300 + 0.081129),0.850251 (0.768600 + 0.081651),0.837567 (0.756900 + 0.080667),0.831673 (0.750600 + 0.081073),0.853648 (0.772200 + 0.081448),0.848098 (0.766800 + 0.081298),0.855709 (0.774000 + 0.081709),0.851609 (0.770400 + 0.081209),0.851504 (0.769500 + 0.082004),0.854476 (0.773100 + 0.081376),0.844726 (0.763200 + 0.081526),0.853612 (0.772200 + 0.081412),0.844284 (0.763200 + 0.081084),0.845930 (0.765000 + 0.080930),0.843643 (0.762300 + 0.081343),0.849132 (0.767700 + 0.081432),0.861522 (0.780300 + 0.081222),0.842305 (0.761400 + 0.080905),0.834462 (0.753300 + 0.081161),0.842444 (0.761400 + 0.081044),0.843984 (0.762300 + 0.081684),0.853692 (0.772200 + 0.081492),0.850313 (0.769500 + 0.080813),0.859178 (0.777600 + 0.081578),0.849002 (0.767700 + 0.081302),0.835689 (0.754200 + 0.081489),0.843899 (0.762300 + 0.081599),0.830463 (0.748800 + 0.081663),0.843005 (0.761400 + 0.081605),0.840182 (0.758700 + 0.081482),0.840472 (0.759600 + 0.080872),0.851785 (0.771300 + 0.080486),0.846565 (0.765900 + 0.080665),0.848853 (0.766800 + 0.082053),0.850122 (0.768600 + 0.081522),0.861522 (0.780300 + 0.081222),0.839462 (0.757800 + 0.081662),0.841026 (0.760500 + 0.080526)
21,0.861522 (0.780300 + 0.081222),0.850313 (0.769500 + 0.080813),0.844120 (0.763200 + 0.080920),0.843984 (0.762300 + 0.081684),0.838646 (0.756900 + 0.081746),0.846111 (0.765000 + 0.081111),0.853953 (0.772200 + 0.081753),0.846330 (0.765000 + 0.081330),0.853102 (0.772200 + 0.080902),0.842773 (0.761400 + 0.081373),0.837827 (0.756000 + 0.081827),0.836695 (0.755100 + 0.081595),0.838374 (0.756900 + 0.081474),0.860327 (0.778500 + 0.081827),0.842444 (0.761400 + 0.081044),0.843134 (0.761400 + 0.081734),0.832226 (0.751500 + 0.080726),0.859178 (0.777600 + 0.081578),0.844284 (0.763200 + 0.081084),0.853844 (0.772200 + 0.081644),0.838578 (0.757800 + 0.080778),0.849002 (0.767700 + 0.081302),0.843944 (0.762300 + 0.081644),0.854670 (0.773100 + 0.081570),0.846928 (0.765000 + 0.081928),0.855709 (0.774000 + 0.081709),0.843790 (0.762300 + 0.081490),0.841485 (0.760500 + 0.080985),0.841846 (0.759600 + 0.082246),0.834599 (0.753300 + 0.081299),0.833280 (0.752400 + 0.080880),0.843410 (0.762300 + 0.081110),0.851336 (0.770400 + 0.080936),0.840595 (0.759600 + 0.080995),0.844770 (0.763200 + 0.081570),0.861441 (0.780300 + 0.081141),0.844438 (0.763200 + 0.081238),0.855737 (0.774000 + 0.081737),0.836637 (0.756000 + 0.080637),0.861522 (0.780300 + 0.081222),0.859178 (0.777600 + 0.081578),0.861522 (0.780300 + 0.081222),0.850313 (0.769500 + 0.080813),0.853692 (0.772200 + 0.081492),0.853692 (0.772200 + 0.081492),0.842926 (0.761400 + 0.081526),0.845654 (0.764100 + 0.081554),0.838944 (0.757800 + 0.081144),0.845484 (0.764100 + 0.081384),0.849618 (0.768600 + 0.081018)
22,0.861522 (0.780300 + 0.081222),0.855737 (0.774000 + 0.081737),0.855737 (0.774000 + 0.081737),0.848574 (0.766800 + 0.081774),0.850313 (0.769500 + 0.080813),0.861522 (0.780300 + 0.081222),0.843027 (0.761400 + 0.081627),0.860327 (0.778500 + 0.081827),0.859178 (0.777600 + 0.081578),0.838119 (0.756900 + 0.081219),0.839337 (0.757800 + 0.081537),0.851168 (0.770400 + 0.080768),0.844319 (0.762300 + 0.082019),0.843520 (0.762300 + 0.081220),0.837737 (0.756000 + 0.081737),0.838585 (0.757800 + 0.080785),0.839280 (0.757800 + 0.081480),0.846805 (0.765900 + 0.080905),0.850244 (0.768600 + 0.081644),0.849132 (0.767700 + 0.081432),0.849458 (0.768600 + 0.080858),0.844768 (0.763200 + 0.081568),0.845654 (0.764100 + 0.081554),0.859178 (0.777600 + 0.081578),0.859248 (0.777600 + 0.081648),0.845342 (0.764100 + 0.081242),0.835670 (0.754200 + 0.081471),0.859178 (0.777600 + 0.081578),0.845654 (0.764100 + 0.081554),0.852832 (0.771300 + 0.081532),0.842002 (0.760500 + 0.081502),0.839747 (0.758700 + 0.081047),0.855480 (0.774000 + 0.081480),0.861222 (0.779400 + 0.081822),0.831944 (0.751500 + 0.080444),0.848083 (0.766800 + 0.081283),0.844147 (0.762300 + 0.081847),0.844682 (0.763200 + 0.081482),0.840392 (0.758700 + 0.081692),0.858965 (0.777600 + 0.081365),0.846882 (0.765000 + 0.081882),0.845484 (0.764100 + 0.081384),0.843790 (0.762300 + 0.081490),0.841652 (0.760500 + 0.081152),0.857549 (0.775800 + 0.081749),0.857745 (0.775800 + 0.081945),0.841130 (0.759600 + 0.081530),0.843250 (0.762300 + 0.080950),0.858571 (0.777600 + 0.080971),0.852481 (0.771300 + 0.081181)
23,0.861522 (0.780300 + 0.081222),0.850790 (0.769500 + 0.081290),0.842779 (0.761400 + 0.081379),0.852481 (0.771300 + 0.081181),0.846193 (0.764100 + 0.082093),0.851170 (0.769500 + 0.081670),0.857229 (0.775800 + 0.081429),0.839658 (0.758700 + 0.080958),0.848324 (0.767700 + 0.080624),0.861522 (0.780300 + 0.081222),0.844750 (0.763200 + 0.081550),0.849746 (0.768600 + 0.081146),0.856805 (0.775800 + 0.081005),0.859178 (0.777600 + 0.081578),0.846444 (0.765000 + 0.081444),0.835195 (0.754200 + 0.080995),0.846805 (0.765900 + 0.080905),0.836452 (0.755100 + 0.081352),0.847734 (0.766800 + 0.080934),0.825456 (0.744300 + 0.081156),0.848955 (0.767700 + 0.081255),0.849658 (0.768600 + 0.081058),0.850346 (0.769500 + 0.080846),0.844801 (0.763200 + 0.081601),0.849214 (0.767700 + 0.081514),0.862282 (0.781200 + 0.081082),0.852105 (0.770400 + 0.081705),0.851079 (0.769500 + 0.081579),0.855411 (0.774900 + 0.080511),0.842501 (0.761400 + 0.081101),0.842300 (0.761400 + 0.080900),0.841478 (0.759600 + 0.081878),0.834600 (0.753300 + 0.081300),0.857549 (0.775800 + 0.081749),0.851168 (0.770400 + 0.080768),0.852192 (0.770400 + 0.081792),0.844439 (0.763200 + 0.081239),0.855737 (0.774000 + 0.081737),0.855560 (0.774000 + 0.081560),0.856072 (0.774900 + 0.081172),0.846149 (0.764100 + 0.082049),0.836380 (0.755100 + 0.081280),0.837545 (0.756000 + 0.081545),0.845627 (0.764100 + 0.081527),0.849205 (0.767700 + 0.081505),0.844581 (0.763200 + 0.081381),0.855636 (0.774000 + 0.081636),0.829519 (0.747900 + 0.081619),0.854986 (0.774000 + 0.080986),0.852809 (0.771300 + 0.081509)
24,0.862282 (0.781200 + 0.081082),0.863434 (0.782100 + 0.081334),0.853880 (0.772200 + 0.081680),0.851315 (0.770400 + 0.080915),0.849025 (0.767700 + 0.081325),0.851990 (0.770400 + 0.081590),0.842617 (0.761400 + 0.081217),0.841014 (0.759600 + 0.081414),0.852740 (0.772200 + 0.080540),0.863590 (0.782100 + 0.081490),0.841274 (0.759600 + 0.081674),0.837256 (0.756000 + 0.081256),0.861775 (0.780300 + 0.081475),0.831147 (0.750600 + 0.080547),0.845833 (0.764100 + 0.081733),0.855568 (0.774000 + 0.081568),0.844880 (0.764100 + 0.080780),0.838120 (0.756900 + 0.081220),0.851426 (0.770400 + 0.081026),0.846193 (0.764100 + 0.082093),0.844750 (0.763200 + 0.081550),0.847734 (0.766800 + 0.080934),0.829519 (0.747900 + 0.081619),0.837843 (0.756900 + 0.080943),0.836580 (0.755100 + 0.081480),0.860155 (0.778500 + 0.081655),0.852386 (0.771300 + 0.081086),0.830925 (0.748800 + 0.082125),0.849935 (0.768600 + 0.081335),0.849952 (0.768600 + 0.081352),0.845190 (0.764100 + 0.081090),0.849241 (0.767700 + 0.081541),0.848277 (0.766800 + 0.081477),0.840280 (0.758700 + 0.081580),0.860643 (0.779400 + 0.081243),0.841821 (0.760500 + 0.081321),0.849996 (0.768600 + 0.081396),0.842210 (0.761400 + 0.080810),0.854611 (0.773100 + 0.081511),0.857333 (0.775800 + 0.081533),0.846964 (0.765900 + 0.081064),0.845728 (0.764100 + 0.081628),0.851345 (0.770400 + 0.080946),0.854842 (0.773100 + 0.081742),0.848324 (0.767700 + 0.080624),0.836453 (0.756000 + 0.080453),0.854430 (0.772200 + 0.082230),0.849017 (0.767700 + 0.081317),0.852568 (0.771300 + 0.081268),0.840376 (0.758700 + 0.081676)
25,0.863590 (0.782100 + 0.081490),0.842628 (0.761400 + 0.081228),0.832520 (0.751500 + 0.081020),0.842593 (0.760500 + 0.082093),0.846794 (0.765900 + 0.080894),0.859041 (0.777600 + 0.081441),0.849337 (0.767700 + 0.081637),0.849893 (0.768600 + 0.081294),0.847823 (0.766800 + 0.081023),0.854818 (0.773100 + 0.081718),0.842742 (0.762300 + 0.080442),0.836763 (0.755100 + 0.081663),0.847391 (0.765900 + 0.081491),0.841538 (0.760500 + 0.081038),0.846964 (0.765900 + 0.081064),0.845384 (0.764100 + 0.081284),0.854064 (0.772200 + 0.081864),0.854611 (0.773100 + 0.081511),0.849017 (0.767700 + 0.081317),0.849275 (0.767700 + 0.081575),0.852824 (0.771300 + 0.081524),0.844995 (0.764100 + 0.080895),0.843788 (0.763200 + 0.080588),0.854734 (0.773100 + 0.081634),0.848014 (0.765900 + 0.082114),0.848722 (0.767700 + 0.081022),0.852897 (0.771300 + 0.081597),0.834754 (0.753300 + 0.081454),0.849211 (0.767700 + 0.081511),0.856493 (0.775800 + 0.080693),0.840715 (0.759600 + 0.081115),0.861540 (0.780300 + 0.081240),0.855908 (0.774900 + 0.081008),0.848277 (0.766800 + 0.081477),0.851058 (0.769500 + 0.081558),0.849291 (0.768600 + 0.080691),0.845712 (0.765000 + 0.080712),0.844490 (0.763200 + 0.081291),0.843631 (0.762300 + 0.081331),0.838965 (0.757800 + 0.081165),0.837959 (0.756900 + 0.081059),0.849106 (0.767700 + 0.081406),0.842927 (0.761400 + 0.081527),0.850354 (0.768600 + 0.081754),0.850681 (0.769500 + 0.081181),0.860132 (0.778500 + 0.081632),0.852591 (0.771300 + 0.081292),0.849097 (0.767700 + 0.081397),0.841045 (0.759600 + 0.081445),0.851994 (0.771300 + 0.080694)
26,0.863590 (0.782100 + 0.081490),0.836076 (0.755100 + 0.080976),0.847035 (0.765900 + 0.081135),0.842045 (0.760500 + 0.081545),0.836980 (0.756000 + 0.080980),0.840967 (0.759600 + 0.081368),0.849337 (0.767700 + 0.081637),0.847439 (0.766800 + 0.080639),0.854768 (0.773100 + 0.081668),0.846210 (0.765900 + 0.080310),0.844474 (0.763200 + 0.081274),0.849211 (0.767700 + 0.081511),0.854064 (0.772200 + 0.081864),0.850833 (0.769500 + 0.081333),0.840592 (0.759600 + 0.080992),0.858035 (0.776700 + 0.081335),0.852764 (0.771300 + 0.081464),0.857255 (0.776700 + 0.080555),0.850506 (0.770400 + 0.080106),0.855376 (0.774000 + 0.081376),0.848266 (0.766800 + 0.081466),0.844367 (0.763200 + 0.081167),0.847420 (0.765900 + 0.081520),0.856493 (0.775800 + 0.080693),0.854611 (0.773100 + 0.081511),0.848238 (0.766800 + 0.081438),0.846263 (0.765000 + 0.081263),0.845099 (0.764100 + 0.080999),0.854949 (0.773100 + 0.081849),0.849873 (0.768600 + 0.081273),0.846784 (0.765000 + 0.081784),0.853811 (0.772200 + 0.081611),0.854409 (0.773100 + 0.081309),0.855949 (0.774900 + 0.081049),0.855468 (0.774000 + 0.081468),0.848223 (0.766800 + 0.081423),0.854644 (0.773100 + 0.081544),0.852568 (0.771300 + 0.081268),0.854634 (0.773100 + 0.081534),0.845618 (0.764100 + 0.081518),0.847153 (0.765900 + 0.081253),0.863590 (0.782100 + 0.081490),0.854064 (0.772200 + 0.081864),0.860842 (0.779400 + 0.081442),0.838721 (0.756900 + 0.081821),0.848431 (0.767700 + 0.080731),0.840859 (0.759600 + 0.081259),0.830981 (0.750600 + 0.080381),0.851963 (0.770400 + 0.081563),0.854734 (0.773100 + 0.081634)
27,0.863590 (0.782100 + 0.081490),0.837205 (0.755100 + 0.082105),0.857353 (0.775800 + 0.081553),0.845109 (0.764100 + 0.081009),0.831998 (0.750600 + 0.081398),0.854647 (0.773100 + 0.081547),0.852687 (0.771300 + 0.081387),0.856279 (0.774900 + 0.081379),0.856170 (0.774900 + 0.081270),0.861057 (0.779400 + 0.081657),0.856201 (0.774900 + 0.081301),0.862643 (0.781200 + 0.081443),0.839169 (0.758700 + 0.080469),0.853164 (0.771300 + 0.081864),0.851962 (0.770400 + 0.081562),0.846841 (0.765000 + 0.081841),0.851079 (0.769500 + 0.081579),0.844419 (0.763200 + 0.081219),0.850959 (0.769500 + 0.081459),0.849817 (0.768600 + 0.081218),0.853024 (0.771300 + 0.081724),0.842343 (0.761400 + 0.080943),0.853294 (0.773100 + 0.080194),0.850832 (0.769500 + 0.081332),0.841049 (0.759600 + 0.081449),0.854064 (0.772200 + 0.081864),0.848238 (0.766800 + 0.081438),0.848879 (0.768600 + 0.080279),0.840434 (0.758700 + 0.081734),0.842536 (0.762300 + 0.080236),0.850882 (0.769500 + 0.081382),0.849824 (0.768600 + 0.081224),0.853397 (0.771300 + 0.082097),0.846779 (0.765000 + 0.081779),0.859779 (0.778500 + 0.081279),0.846401 (0.765000 + 0.081401),0.850201 (0.768600 + 0.081601),0.847294 (0.765900 + 0.081394),0.843127 (0.761400 + 0.081727),0.836375 (0.754200 + 0.082175),0.848834 (0.767700 + 0.081134),0.846751 (0.765900 + 0.080851),0.834358 (0.752400 + 0.081958),0.844011 (0.762300 + 0.081711),0.847461 (0.765900 + 0.081561),0.843611 (0.762300 + 0.081312),0.846540 (0.765000 + 0.081540),0.853523 (0.772200 + 0.081323),0.849703 (0.768600 + 0.081103),0.855292 (0.774000 + 0.081292)
28,0.863590 (0.782100 + 0.081490),0.861641 (0.780300 + 0.081341),0.859387 (0.778500 + 0.080887),0.846874 (0.765000 + 0.081874),0.848304 (0.766800 + 0.081504),0.841296 (0.759600 + 0.081696),0.847881 (0.765900 + 0.081981),0.829022 (0.747900 + 0.081122),0.851901 (0.770400 + 0.081501),0.855438 (0.774000 + 0.081438),0.858416 (0.776700 + 0.081716),0.854064 (0.772200 + 0.081864),0.851284 (0.769500 + 0.081784),0.843951 (0.763200 + 0.080751),0.850086 (0.768600 + 0.081486),0.860692 (0.779400 + 0.081292),0.853186 (0.772200 + 0.080986),0.843322 (0.761400 + 0.081921),0.839812 (0.758700 + 0.081112),0.846564 (0.765000 + 0.081564),0.846733 (0.765000 + 0.081733),0.834517 (0.753300 + 0.081217),0.846038 (0.765000 + 0.081038),0.845549 (0.764100 + 0.081449),0.840224 (0.758700 + 0.081524),0.858005 (0.776700 + 0.081305),0.846077 (0.765000 + 0.081077),0.854851 (0.773100 + 0.081751),0.854064 (0.772200 + 0.081864),0.847644 (0.766800 + 0.080844),0.841553 (0.760500 + 0.081053),0.834634 (0.753300 + 0.081334),0.849934 (0.768600 + 0.081334),0.837876 (0.756000 + 0.081876),0.835873 (0.755100 + 0.080773),0.849035 (0.767700 + 0.081335),0.858035 (0.776700 + 0.081335),0.859779 (0.778500 + 0.081279),0.845007 (0.764100 + 0.080907),0.853195 (0.771300 + 0.081895),0.850927 (0.769500 + 0.081427),0.844702 (0.763200 + 0.081502),0.847084 (0.765900 + 0.081184),0.854647 (0.773100 + 0.081547),0.849824 (0.768600 + 0.081224),0.852405 (0.771300 + 0.081105),0.855488 (0.774000 + 0.081488),0.846933 (0.765900 + 0.081033),0.861057 (0.779400 + 0.081657),0.842863 (0.762300 + 0.080563)
29,0.863590 (0.782100 + 0.081490),0.858005 (0.776700 + 0.081305),0.846606 (0.765000 + 0.081606),0.849456 (0.768600 + 0.080856),0.851772 (0.770400 + 0.081372),0.856371 (0.774900 + 0.081471),0.845184 (0.763200 + 0.081984),0.834259 (0.752400 + 0.081859),0.860750 (0.779400 + 0.081350),0.857231 (0.775800 + 0.081431),0.861055 (0.779400 + 0.081655),0.846464 (0.765000 + 0.081464),0.852641 (0.771300 + 0.081341),0.863590 (0.782100 + 0.081490),0.851284 (0.769500 + 0.081784),0.840354 (0.758700 + 0.081654),0.859020 (0.777600 + 0.081420),0.845087 (0.763200 + 0.081887),0.851590 (0.770400 + 0.081190),0.854851 (0.773100 + 0.081751),0.843951 (0.763200 + 0.080751),0.839097 (0.757800 + 0.081297),0.839060 (0.757800 + 0.081260),0.871890 (0.790200 + 0.081690),0.848083 (0.766800 + 0.081283),0.856189 (0.775800 + 0.080389),0.848086 (0.766800 + 0.081286),0.844539 (0.763200 + 0.081339),0.842050 (0.760500 + 0.081550),0.859398 (0.777600 + 0.081798),0.842207 (0.761400 + 0.080807),0.855637 (0.774000 + 0.081637),0.853397 (0.771300 + 0.082097),0.846032 (0.765000 + 0.081032),0.845456 (0.764100 + 0.081356),0.855545 (0.774000 + 0.081545),0.850279 (0.768600 + 0.081679),0.848805 (0.767700 + 0.081105),0.847107 (0.765900 + 0.081207),0.852405 (0.771300 + 0.081105),0.848304 (0.766800 + 0.081504),0.851533 (0.770400 + 0.081134),0.854020 (0.773100 + 0.080920),0.846172 (0.765000 + 0.081172),0.859018 (0.777600 + 0.081418),0.850694 (0.769500 + 0.081193),0.861577 (0.780300 + 0.081277),0.844448 (0.763200 + 0.081248),0.847084 (0.765900 + 0.081184),0.867389 (0.785700 + 0.081689)
30,0.871890 (0.790200 + 0.081690),0.855517 (0.774000 + 0.081517),0.851171 (0.770400 + 0.080771),0.851803 (0.770400 + 0.081403),0.843603 (0.762300 + 0.081303),0.840362 (0.759600 + 0.080762),0.849456 (0.768600 + 0.080856),0.858988 (0.777600 + 0.081388),0.851533 (0.770400 + 0.081134),0.863590 (0.782100 + 0.081490),0.863590 (0.782100 + 0.081490),0.854307 (0.773100 + 0.081207),0.860890 (0.780300 + 0.080590),0.851284 (0.769500 + 0.081784),0.851284 (0.769500 + 0.081784),0.862613 (0.781200 + 0.081413),0.848659 (0.766800 + 0.081859),0.861822 (0.780300 + 0.081522),0.859038 (0.777600 + 0.081438),0.847710 (0.765900 + 0.081810),0.850757 (0.769500 + 0.081257),0.849720 (0.768600 + 0.081120),0.859018 (0.777600 + 0.081418),0.871890 (0.790200 + 0.081690),0.849157 (0.767700 + 0.081457),0.849078 (0.767700 + 0.081379),0.851735 (0.770400 + 0.081335),0.860400 (0.779400 + 0.081000),0.849866 (0.768600 + 0.081266),0.871890 (0.790200 + 0.081690),0.863590 (0.782100 + 0.081490),0.859166 (0.777600 + 0.081566),0.837792 (0.756900 + 0.080892),0.858255 (0.776700 + 0.081555),0.852964 (0.771300 + 0.081664),0.847717 (0.766800 + 0.080917),0.852578 (0.771300 + 0.081278),0.855419 (0.774000 + 0.081419),0.845497 (0.764100 + 0.081397),0.850614 (0.769500 + 0.081114),0.848380 (0.767700 + 0.080680),0.853543 (0.772200 + 0.081343),0.859856 (0.778500 + 0.081356),0.851137 (0.769500 + 0.081637),0.857598 (0.775800 + 0.081798),0.844742 (0.763200 + 0.081542),0.859829 (0.778500 + 0.081329),0.844318 (0.762300 + 0.082018),0.836605 (0.755100 + 0.081505),0.857181 (0.775800 + 0.081381)
31,0.871890 (0.790200 + 0.081690),0.851894 (0.770400 + 0.081494),0.844179 (0.763200 + 0.080979),0.866697 (0.785700 + 0.080997),0.866489 (0.784800 + 0.081689),0.846632 (0.765000 + 0.081632),0.837678 (0.756900 + 0.080778),0.853238 (0.772200 + 0.081038),0.843537 (0.762300 + 0.081237),0.847306 (0.765900 + 0.081406),0.859166 (0.777600 + 0.081566),0.855524 (0.774000 + 0.081524),0.839630 (0.758700 + 0.080931),0.849885 (0.768600 + 0.081285),0.853342 (0.772200 + 0.081142),0.857181 (0.775800 + 0.081381),0.849775 (0.768600 + 0.081175),0.835527 (0.754200 + 0.081327),0.848038 (0.767700 + 0.080338),0.846792 (0.765900 + 0.080892),0.861756 (0.780300 + 0.081456),0.851182 (0.769500 + 0.081682),0.843023 (0.761400 + 0.081623),0.848463 (0.766800 + 0.081663),0.847581 (0.765900 + 0.081681),0.853344 (0.772200 + 0.081144),0.863590 (0.782100 + 0.081490),0.844860 (0.763200 + 0.081660),0.854490 (0.773100 + 0.081390),0.849948 (0.768600 + 0.081348),0.862614 (0.781200 + 0.081415),0.848728 (0.766800 + 0.081928),0.850075 (0.768600 + 0.081475),0.839825 (0.758700 + 0.081125),0.859084 (0.777600 + 0.081484),0.839745 (0.758700 + 0.081045),0.846864 (0.765000 + 0.081864),0.850766 (0.769500 + 0.081266),0.855423 (0.774000 + 0.081423),0.852030 (0.770400 + 0.081630),0.850836 (0.769500 + 0.081336),0.866446 (0.784800 + 0.081647),0.840850 (0.758700 + 0.082150),0.863590 (0.782100 + 0.081490),0.865666 (0.783900 + 0.081766),0.848185 (0.766800 + 0.081385),0.850701 (0.769500 + 0.081201),0.849996 (0.768600 + 0.081396),0.849262 (0.767700 + 0.081562),0.871890 (0.790200 + 0.081690)
32,0.871890 (0.790200 + 0.081690),0.859084 (0.777600 + 0.081484),0.847581 (0.765900 + 0.081681),0.851069 (0.769500 + 0.081569),0.853447 (0.771300 + 0.082147),0.863590 (0.782100 + 0.081490),0.861756 (0.780300 + 0.081456),0.851932 (0.770400 + 0.081532),0.861239 (0.779400 + 0.081839),0.846133 (0.765000 + 0.081133),0.855392 (0.774000 + 0.081392),0.851335 (0.770400 + 0.080935),0.841712 (0.760500 + 0.081212),0.850304 (0.768600 + 0.081704),0.839456 (0.758700 + 0.080756),0.849910 (0.768600 + 0.081310),0.856934 (0.775800 + 0.081134),0.852030 (0.770400 + 0.081630),0.846632 (0.765000 + 0.081632),0.851813 (0.770400 + 0.081413),0.850569 (0.769500 + 0.081069),0.847589 (0.765900 + 0.081689),0.842097 (0.760500 + 0.081597),0.854414 (0.773100 + 0.081314),0.849185 (0.767700 + 0.081485),0.871890 (0.790200 + 0.081690),0.847581 (0.765900 + 0.081681),0.859115 (0.777600 + 0.081515),0.852991 (0.771300 + 0.081691),0.863590 (0.782100 + 0.081490),0.852030 (0.770400 + 0.081630),0.847673 (0.765900 + 0.081773),0.858713 (0.777600 + 0.081113),0.846639 (0.765000 + 0.081639),0.852727 (0.771300 + 0.081427),0.845054 (0.764100 + 0.080954),0.849914 (0.768600 + 0.081314),0.847409 (0.765900 + 0.081509),0.852275 (0.771300 + 0.080975),0.856644 (0.774900 + 0.081744),0.853087 (0.772200 + 0.080887),0.848522 (0.766800 + 0.081722),0.853342 (0.772200 + 0.081142),0.851077 (0.769500 + 0.081577),0.850535 (0.769500 + 0.081035),0.855484 (0.774000 + 0.081484),0.850250 (0.768600 + 0.081650),0.863590 (0.782100 + 0.081490),0.860942 (0.779400 + 0.081542),0.851564 (0.770400 + 0.081164)
33,0.871890 (0.790200 + 0.081690),0.852365 (0.771300 + 0.081065),0.863252 (0.782100 + 0.081152),0.849147 (0.767700 + 0.081448),0.850172 (0.768600 + 0.081572),0.859759 (0.778500 + 0.081260),0.841838 (0.760500 + 0.081338),0.850952 (0.769500 + 0.081452),0.854699 (0.773100 + 0.081599),0.863548 (0.782100 + 0.081448),0.862934 (0.781200 + 0.081734),0.848263 (0.766800 + 0.081463),0.845373 (0.763200 + 0.082173),0.863590 (0.782100 + 0.081490),0.863590 (0.782100 + 0.081490),0.854191 (0.773100 + 0.081091),0.855355 (0.774000 + 0.081355),0.856540 (0.774900 + 0.081640),0.848485 (0.766800 + 0.081685),0.871890 (0.790200 + 0.081690),0.863590 (0.782100 + 0.081490),0.847996 (0.766800 + 0.081196),0.845893 (0.764100 + 0.081793),0.847673 (0.765900 + 0.081773),0.858092 (0.776700 + 0.081392),0.855368 (0.774000 + 0.081368),0.856455 (0.774900 + 0.081555),0.855076 (0.774000 + 0.081076),0.859022 (0.777600 + 0.081422),0.861756 (0.780300 + 0.081456),0.851813 (0.770400 + 0.081413),0.853204 (0.772200 + 0.081004),0.854822 (0.773100 + 0.081722),0.856462 (0.774900 + 0.081562),0.853705 (0.772200 + 0.081505),0.850146 (0.768600 + 0.081546),0.832766 (0.751500 + 0.081266),0.855484 (0.774000 + 0.081484),0.854414 (0.773100 + 0.081314),0.871890 (0.790200 + 0.081690),0.850582 (0.769500 + 0.081082),0.845702 (0.764100 + 0.081602),0.842533 (0.760500 + 0.082033),0.854366 (0.773100 + 0.081266),0.863590 (0.782100 + 0.081490),0.845463 (0.764100 + 0.081363),0.846305 (0.765000 + 0.081305),0.858331 (0.776700 + 0.081631),0.836653 (0.755100 + 0.081553),0.852224 (0.771300 + 0.080924)
34,0.871890 (0.790200 + 0.081690),0.854695 (0.773100 + 0.081595),0.843347 (0.762300 + 0.081047),0.856455 (0.774900 + 0.081555),0.845373 (0.763200 + 0.082173),0.863590 (0.782100 + 0.081490),0.840314 (0.758700 + 0.081614),0.852999 (0.771300 + 0.081699),0.848144 (0.766800 + 0.081344),0.848086 (0.766800 + 0.081286),0.859759 (0.778500 + 0.081260),0.857294 (0.775800 + 0.081494),0.850347 (0.769500 + 0.080847),0.863590 (0.782100 + 0.081490),0.849196 (0.767700 + 0.081497),0.850112 (0.768600 + 0.081512),0.852028 (0.770400 + 0.081629),0.859177 (0.777600 + 0.081577),0.847235 (0.765900 + 0.081335),0.857751 (0.776700 + 0.081051),0.851980 (0.770400 + 0.081580),0.870229 (0.788400 + 0.081829),0.855911 (0.774900 + 0.081011),0.853748 (0.772200 + 0.081548),0.855714 (0.774000 + 0.081714),0.854666 (0.773100 + 0.081566),0.851735 (0.770400 + 0.081335),0.858331 (0.776700 + 0.081631),0.844702 (0.763200 + 0.081502),0.856455 (0.774900 + 0.081555),0.863590 (0.782100 + 0.081490),0.854621 (0.773100 + 0.081521),0.859101 (0.777600 + 0.081501),0.863548 (0.782100 + 0.081448),0.862934 (0.781200 + 0.081734),0.842354 (0.761400 + 0.080954),0.847946 (0.766800 + 0.081146),0.854706 (0.773100 + 0.081606),0.857063 (0.775800 + 0.081263),0.850207 (0.769500 + 0.080707),0.860380 (0.778500 + 0.081880),0.848778 (0.767700 + 0.081078),0.843064 (0.761400 + 0.081664),0.861050 (0.779400 + 0.081650),0.855530 (0.774000 + 0.081530),0.847933 (0.766800 + 0.081133),0.845342 (0.764100 + 0.081242),0.846703 (0.765000 + 0.081703),0.848875 (0.767700 + 0.081175),0.858092 (0.776700 + 0.081392)
35,0.871890 (0.790200 + 0.081690),0.861050 (0.779400 + 0.081650),0.859101 (0.777600 + 0.081501),0.854230 (0.773100 + 0.081130),0.846668 (0.765900 + 0.080768),0.846339 (0.765000 + 0.081339),0.853752 (0.772200 + 0.081552),0.855433 (0.774000 + 0.081433),0.848467 (0.767700 + 0.080768),0.846377 (0.765000 + 0.081377),0.855466 (0.774000 + 0.081467),0.857063 (0.775800 + 0.081263),0.848003 (0.766800 + 0.081203),0.850319 (0.769500 + 0.080819),0.854562 (0.773100 + 0.081462),0.851778 (0.770400 + 0.081378),0.856913 (0.774900 + 0.082013),0.849200 (0.767700 + 0.081500),0.859101 (0.777600 + 0.081501),0.862048 (0.780300 + 0.081748),0.854084 (0.773100 + 0.080984),0.847860 (0.766800 + 0.081060),0.863590 (0.782100 + 0.081490),0.851594 (0.770400 + 0.081194),0.855128 (0.774000 + 0.081128),0.849461 (0.767700 + 0.081761),0.859177 (0.777600 + 0.081577),0.860953 (0.779400 + 0.081553),0.849816 (0.768600 + 0.081216),0.847444 (0.765900 + 0.081544),0.856373 (0.774900 + 0.081473),0.863590 (0.782100 + 0.081490),0.863548 (0.782100 + 0.081448),0.852125 (0.770400 + 0.081725),0.871890 (0.790200 + 0.081690),0.851246 (0.769500 + 0.081746),0.854902 (0.774000 + 0.080902),0.848687 (0.767700 + 0.080987),0.854715 (0.773100 + 0.081614),0.857329 (0.775800 + 0.081529),0.863576 (0.782100 + 0.081476),0.852551 (0.771300 + 0.081251),0.859177 (0.777600 + 0.081577),0.853340 (0.772200 + 0.081140),0.863695 (0.782100 + 0.081595),0.849957 (0.768600 + 0.081357),0.862166 (0.781200 + 0.080966),0.847333 (0.765900 + 0.081433),0.843931 (0.762300 + 0.081631),0.863590 (0.782100 + 0.081490)
36,0.871890 (0.790200 + 0.081690),0.846063 (0.765000 + 0.081063),0.862190 (0.780300 + 0.081890),0.862048 (0.780300 + 0.081748),0.854562 (0.773100 + 0.081462),0.861817 (0.780300 + 0.081517),0.854622 (0.773100 + 0.081522),0.850262 (0.768600 + 0.081662),0.854902 (0.774000 + 0.080902),0.856373 (0.774900 + 0.081473),0.859101 (0.777600 + 0.081501),0.864521 (0.783000 + 0.081521),0.852461 (0.771300 + 0.081161),0.860953 (0.779400 + 0.081553),0.851630 (0.770400 + 0.081230),0.863590 (0.782100 + 0.081490),0.871890 (0.790200 + 0.081690),0.864713 (0.783000 + 0.081713),0.858177 (0.776700 + 0.081477),0.859922 (0.778500 + 0.081422),0.872184 (0.791100 + 0.081084),0.849745 (0.768600 + 0.081145),0.850452 (0.768600 + 0.081852),0.854289 (0.773100 + 0.081189),0.854941 (0.773100 + 0.081841),0.859456 (0.778500 + 0.080956),0.851624 (0.770400 + 0.081224),0.856832 (0.775800 + 0.081032),0.845836 (0.764100 + 0.081736),0.846429 (0.765000 + 0.081429),0.857917 (0.776700 + 0.081217),0.863590 (0.782100 + 0.081490),0.853752 (0.772200 + 0.081552),0.863590 (0.782100 + 0.081490),0.859177 (0.777600 + 0.081577),0.852777 (0.771300 + 0.081477),0.852633 (0.771300 + 0.081333),0.848914 (0.767700 + 0.081214),0.862653 (0.781200 + 0.081453),0.859177 (0.777600 + 0.081577),0.861836 (0.780300 + 0.081536),0.854026 (0.773100 + 0.080926),0.856373 (0.774900 + 0.081473),0.863695 (0.782100 + 0.081595),0.849957 (0.768600 + 0.081357),0.845327 (0.764100 + 0.081227),0.850985 (0.769500 + 0.081485),0.859044 (0.777600 + 0.081444),0.858114 (0.776700 + 0.081414),0.852448 (0.771300 + 0.081148)
37,0.872184 (0.791100 + 0.081084),0.859213 (0.777600 + 0.081613),0.856249 (0.774900 + 0.081349),0.862371 (0.781200 + 0.081171),0.846884 (0.765900 + 0.080984),0.862048 (0.780300 + 0.081748),0.864713 (0.783000 + 0.081713),0.857080 (0.775800 + 0.081280),0.852995 (0.771300 + 0.081696),0.864521 (0.783000 + 0.081521),0.862653 (0.781200 + 0.081453),0.857270 (0.775800 + 0.081470),0.857819 (0.776700 + 0.081119),0.850015 (0.768600 + 0.081415),0.855893 (0.774900 + 0.080993),0.858286 (0.776700 + 0.081587),0.848453 (0.766800 + 0.081653),0.863590 (0.782100 + 0.081490),0.856373 (0.774900 + 0.081473),0.861836 (0.780300 + 0.081536),0.851437 (0.770400 + 0.081037),0.863590 (0.782100 + 0.081490),0.859181 (0.777600 + 0.081581),0.833547 (0.752400 + 0.081147),0.854611 (0.773100 + 0.081511),0.854059 (0.773100 + 0.080959),0.867332 (0.785700 + 0.081632),0.871890 (0.790200 + 0.081690),0.862048 (0.780300 + 0.081748),0.850358 (0.768600 + 0.081758),0.862653 (0.781200 + 0.081453),0.861050 (0.779400 + 0.081650),0.855576 (0.774000 + 0.081576),0.847906 (0.766800 + 0.081106),0.861050 (0.779400 + 0.081650),0.856904 (0.775800 + 0.081104),0.857265 (0.775800 + 0.081465),0.852777 (0.771300 + 0.081477),0.859922 (0.778500 + 0.081422),0.847411 (0.766800 + 0.080611),0.859078 (0.777600 + 0.081478),0.850985 (0.769500 + 0.081485),0.862190 (0.780300 + 0.081890),0.861836 (0.780300 + 0.081536),0.856373 (0.774900 + 0.081473),0.858343 (0.776700 + 0.081643),0.849344 (0.767700 + 0.081644),0.844521 (0.763200 + 0.081321),0.860648 (0.779400 + 0.081248),0.857351 (0.775800 + 0.081551)
38,0.872184 (0.791100 + 0.081084),0.872184 (0.791100 + 0.081084),0.872184 (0.791100 + 0.081084),0.853340 (0.772200 + 0.081140),0.863618 (0.782100 + 0.081518),0.860955 (0.779400 + 0.081555),0.851770 (0.770400 + 0.081370),0.854682 (0.773100 + 0.081582),0.847761 (0.766800 + 0.080961),0.864713 (0.783000 + 0.081713),0.853699 (0.772200 + 0.081499),0.855351 (0.774000 + 0.081351),0.858234 (0.776700 + 0.081534),0.860851 (0.779400 + 0.081451),0.846711 (0.765900 + 0.080811),0.862048 (0.780300 + 0.081748),0.857351 (0.775800 + 0.081551),0.855054 (0.774000 + 0.081054),0.862371 (0.781200 + 0.081171),0.858336 (0.776700 + 0.081636),0.853387 (0.772200 + 0.081187),0.862653 (0.781200 + 0.081453),0.859213 (0.777600 + 0.081613),0.863590 (0.782100 + 0.081490),0.848097 (0.766800 + 0.081297),0.859749 (0.778500 + 0.081249),0.854791 (0.773100 + 0.081691),0.839684 (0.758700 + 0.080984),0.850450 (0.769500 + 0.080950),0.850327 (0.769500 + 0.080827),0.850982 (0.769500 + 0.081482),0.857217 (0.775800 + 0.081417),0.854666 (0.773100 + 0.081565),0.859550 (0.778500 + 0.081050),0.859236 (0.777600 + 0.081636),0.847861 (0.766800 + 0.081061),0.862048 (0.780300 + 0.081748),0.852518 (0.771300 + 0.081218),0.859127 (0.777600 + 0.081527),0.850332 (0.768600 + 0.081732),0.841492 (0.760500 + 0.080992),0.859906 (0.778500 + 0.081406),0.861941 (0.780300 + 0.081641),0.863610 (0.782100 + 0.081510),0.861013 (0.779400 + 0.081613),0.860648 (0.779400 + 0.081248),0.862653 (0.781200 + 0.081453),0.853198 (0.771300 + 0.081898),0.856187 (0.774900 + 0.081287),0.859152 (0.777600 + 0.081552)
39,0.872184 (0.791100 + 0.081084),0.852144 (0.770400 + 0.081744),0.855043 (0.774000 + 0.081043),0.855239 (0.774000 + 0.081239),0.864379 (0.783000 + 0.081379),0.848298 (0.767700 + 0.080598),0.855533 (0.774000 + 0.081533),0.857727 (0.776700 + 0.081027),0.839890 (0.758700 + 0.081190),0.850976 (0.769500 + 0.081476),0.841101 (0.759600 + 0.081502),0.859127 (0.777600 + 0.081527),0.855210 (0.774000 + 0.081210),0.862048 (0.780300 + 0.081748),0.855054 (0.774000 + 0.081054),0.854666 (0.773100 + 0.081565),0.844715 (0.764100 + 0.080615),0.855495 (0.774000 + 0.081495),0.846889 (0.765900 + 0.080989),0.849232 (0.768600 + 0.080632),0.852799 (0.771300 + 0.081499),0.854530 (0.773100 + 0.081430),0.848412 (0.766800 + 0.081612),0.860955 (0.779400 + 0.081555),0.863610 (0.782100 + 0.081510),0.856238 (0.774900 + 0.081338),0.860007 (0.778500 + 0.081507),0.860648 (0.779400 + 0.081248),0.872184 (0.791100 + 0.081084),0.850417 (0.769500 + 0.080917),0.871855 (0.790200 + 0.081655),0.855649 (0.774000 + 0.081649),0.859213 (0.777600 + 0.081613),0.846642 (0.765900 + 0.080742),0.866249 (0.784800 + 0.081449),0.862048 (0.780300 + 0.081748),0.859213 (0.777600 + 0.081613),0.862300 (0.781200 + 0.081100),0.850719 (0.769500 + 0.081219),0.854609 (0.773100 + 0.081509),0.853699 (0.772200 + 0.081499),0.852624 (0.771300 + 0.081324),0.855210 (0.774000 + 0.081210),0.862048 (0.780300 + 0.081748),0.861622 (0.780300 + 0.081322),0.863829 (0.782100 + 0.081729),0.862853 (0.781200 + 0.081653),0.842704 (0.761400 + 0.081304),0.850494 (0.769500 + 0.080994),0.852172 (0.770400 + 0.081772)
40,0.872184 (0.791100 + 0.081084),0.872184 (0.791100 + 0.081084),0.844715 (0.764100 + 0.080615),0.862048 (0.780300 + 0.081748),0.851200 (0.769500 + 0.081700),0.862048 (0.780300 + 0.081748),0.867418 (0.785700 + 0.081717),0.846736 (0.765900 + 0.080836),0.851620 (0.770400 + 0.081220),0.854666 (0.773100 + 0.081565),0.849898 (0.769500 + 0.080398),0.856605 (0.774900 + 0.081705),0.857404 (0.775800 + 0.081604),0.861000 (0.779400 + 0.081600),0.840222 (0.758700 + 0.081522),0.866249 (0.784800 + 0.081449),0.854609 (0.773100 + 0.081509),0.848182 (0.766800 + 0.081382),0.853699 (0.772200 + 0.081499),0.872184 (0.791100 + 0.081084),0.860648 (0.779400 + 0.081248),0.861050 (0.779400 + 0.081650),0.861958 (0.780300 + 0.081658),0.858390 (0.776700 + 0.081690),0.862048 (0.780300 + 0.081748),0.850494 (0.769500 + 0.080994),0.857727 (0.776700 + 0.081027),0.857673 (0.776700 + 0.080973),0.859653 (0.778500 + 0.081153),0.859013 (0.777600 + 0.081413),0.855419 (0.774000 + 0.081419),0.872184 (0.791100 + 0.081084),0.855247 (0.774000 + 0.081247),0.859213 (0.777600 + 0.081613),0.862048 (0.780300 + 0.081748),0.869921 (0.788400 + 0.081521),0.862048 (0.780300 + 0.081748),0.850621 (0.769500 + 0.081121),0.861694 (0.780300 + 0.081394),0.862877 (0.781200 + 0.081677),0.857227 (0.775800 + 0.081427),0.834057 (0.752400 + 0.081657),0.848602 (0.767700 + 0.080902),0.859213 (0.777600 + 0.081613),0.855239 (0.774000 + 0.081239),0.858923 (0.777600 + 0.081323),0.847962 (0.766800 + 0.081162),0.859630 (0.778500 + 0.081130),0.859827 (0.778500 + 0.081327),0.854290 (0.773100 + 0.081190)
41,0.872184 (0.791100 + 0.081084),0.851910 (0.770400 + 0.081510),0.855444 (0.774000 + 0.081444),0.846824 (0.765900 + 0.080924),0.846030 (0.764100 + 0.081930),0.849662 (0.768600 + 0.081062),0.857227 (0.775800 + 0.081427),0.871855 (0.790200 + 0.081655),0.858718 (0.777600 + 0.081118),0.862048 (0.780300 + 0.081748),0.861050 (0.779400 + 0.081650),0.871855 (0.790200 + 0.081655),0.852867 (0.771300 + 0.081567),0.859323 (0.777600 + 0.081723),0.855043 (0.774000 + 0.081043),0.844485 (0.763200 + 0.081285),0.841460 (0.760500 + 0.080960),0.855497 (0.774000 + 0.081497),0.852575 (0.771300 + 0.081275),0.872184 (0.791100 + 0.081084),0.872184 (0.791100 + 0.081084),0.840367 (0.759600 + 0.080767),0.854965 (0.774000 + 0.080965),0.847566 (0.765900 + 0.081666),0.849239 (0.767700 + 0.081539),0.852680 (0.771300 + 0.081380),0.852672 (0.771300 + 0.081372),0.862048 (0.780300 + 0.081748),0.857673 (0.776700 + 0.080973),0.853458 (0.772200 + 0.081258),0.850658 (0.769500 + 0.081158),0.859827 (0.778500 + 0.081327),0.848601 (0.767700 + 0.080901),0.849230 (0.768600 + 0.080630),0.870973 (0.789300 + 0.081673),0.872184 (0.791100 + 0.081084),0.850621 (0.769500 + 0.081121),0.854272 (0.773100 + 0.081172),0.864824 (0.783000 + 0.081824),0.859642 (0.778500 + 0.081142),0.852527 (0.771300 + 0.081227),0.845719 (0.764100 + 0.081619),0.849933 (0.768600 + 0.081333),0.847877 (0.766800 + 0.081077),0.852797 (0.771300 + 0.081497),0.853758 (0.772200 + 0.081558),0.859827 (0.778500 + 0.081327),0.862877 (0.781200 + 0.081677),0.866249 (0.784800 + 0.081449),0.854999 (0.774000 + 0.080999)
42,0.872184 (0.791100 + 0.081084),0.840075 (0.758700 + 0.081375),0.853097 (0.771300 + 0.081797),0.855488 (0.774000 + 0.081488),0.862465 (0.781200 + 0.081265),0.857227 (0.775800 + 0.081427),0.853051 (0.772200 + 0.080851),0.853458 (0.772200 + 0.081258),0.852575 (0.771300 + 0.081275),0.862465 (0.781200 + 0.081265),0.849905 (0.768600 + 0.081305),0.862048 (0.780300 + 0.081748),0.850975 (0.769500 + 0.081475),0.854842 (0.773100 + 0.081742),0.850810 (0.769500 + 0.081310),0.873045 (0.792000 + 0.081045),0.871890 (0.790200 + 0.081690),0.870973 (0.789300 + 0.081673),0.857227 (0.775800 + 0.081427),0.839780 (0.758700 + 0.081080),0.861489 (0.780300 + 0.081189),0.870973 (0.789300 + 0.081673),0.855444 (0.774000 + 0.081444),0.872184 (0.791100 + 0.081084),0.854965 (0.774000 + 0.080965),0.858036 (0.776700 + 0.081336),0.855205 (0.774000 + 0.081205),0.854786 (0.773100 + 0.081686),0.851068 (0.769500 + 0.081568),0.854579 (0.773100 + 0.081479),0.862247 (0.781200 + 0.081047),0.855193 (0.774000 + 0.081193),0.850044 (0.768600 + 0.081444),0.847942 (0.766800 + 0.081142),0.853556 (0.772200 + 0.081356),0.851658 (0.770400 + 0.081258),0.853368 (0.772200 + 0.081168),0.872184 (0.791100 + 0.081084),0.860736 (0.779400 + 0.081336),0.857296 (0.775800 + 0.081496),0.858158 (0.776700 + 0.081458),0.857282 (0.775800 + 0.081482),0.875917 (0.794700 + 0.081217),0.858509 (0.777600 + 0.080909),0.853212 (0.772200 + 0.081012),0.862256 (0.781200 + 0.081056),0.856833 (0.775800 + 0.081033),0.859827 (0.778500 + 0.081327),0.856426 (0.775800 + 0.080626),0.836483 (0.755100 + 0.081383)
43,0.875917 (0.794700 + 0.081217),0.859827 (0.778500 + 0.081327),0.861489 (0.780300 + 0.081189),0.859227 (0.777600 + 0.081627),0.842159 (0.761400 + 0.080759),0.854261 (0.773100 + 0.081161),0.863715 (0.782100 + 0.081615),0.848837 (0.767700 + 0.081137),0.860133 (0.778500 + 0.081633),0.857735 (0.776700 + 0.081035),0.863601 (0.782100 + 0.081501),0.858897 (0.777600 + 0.081297),0.853296 (0.772200 + 0.081096),0.848307 (0.767700 + 0.080607),0.854470 (0.773100 + 0.081370),0.856955 (0.775800 + 0.081155),0.843459 (0.762300 + 0.081159),0.857938 (0.776700 + 0.081238),0.861489 (0.780300 + 0.081189),0.871855 (0.790200 + 0.081655),0.859845 (0.778500 + 0.081345),0.857023 (0.775800 + 0.081223),0.840822 (0.759600 + 0.081222),0.850353 (0.769500 + 0.080853),0.849018 (0.767700 + 0.081318),0.862247 (0.781200 + 0.081047),0.862247 (0.781200 + 0.081047),0.872184 (0.791100 + 0.081084),0.856426 (0.775800 + 0.080626),0.872184 (0.791100 + 0.081084),0.858158 (0.776700 + 0.081458),0.873045 (0.792000 + 0.081045),0.872184 (0.791100 + 0.081084),0.856053 (0.774900 + 0.081153),0.872184 (0.791100 + 0.081084),0.872184 (0.791100 + 0.081084),0.859827 (0.778500 + 0.081327),0.845734 (0.765000 + 0.080734),0.851521 (0.770400 + 0.081121),0.858760 (0.777600 + 0.081160),0.872184 (0.791100 + 0.081084),0.861850 (0.780300 + 0.081550),0.861903 (0.780300 + 0.081603),0.872184 (0.791100 + 0.081084),0.862465 (0.781200 + 0.081265),0.843188 (0.762300 + 0.080888),0.872184 (0.791100 + 0.081084),0.860736 (0.779400 + 0.081336),0.859827 (0.778500 + 0.081327),0.865231 (0.783900 + 0.081331)
44,0.875917 (0.794700 + 0.081217),0.858670 (0.777600 + 0.081070),0.861623 (0.780300 + 0.081323),0.844796 (0.764100 + 0.080696),0.860736 (0.779400 + 0.081336),0.859321 (0.778500 + 0.080821),0.858525 (0.776700 + 0.081825),0.860359 (0.779400 + 0.080959),0.841574 (0.760500 + 0.081074),0.859845 (0.778500 + 0.081345),0.850919 (0.769500 + 0.081419),0.864482 (0.783000 + 0.081482),0.864833 (0.783900 + 0.080933),0.854527 (0.774000 + 0.080527),0.872184 (0.791100 + 0.081084),0.859827 (0.778500 + 0.081327),0.872184 (0.791100 + 0.081084),0.856858 (0.775800 + 0.081058),0.858884 (0.777600 + 0.081284),0.861209 (0.780300 + 0.080909),0.852346 (0.771300 + 0.081046),0.872184 (0.791100 + 0.081084),0.856053 (0.774900 + 0.081153),0.868435 (0.787500 + 0.080935),0.862538 (0.781200 + 0.081338),0.860775 (0.779400 + 0.081375),0.859817 (0.778500 + 0.081317),0.857443 (0.775800 + 0.081643),0.867016 (0.785700 + 0.081316),0.855345 (0.774000 + 0.081345),0.846680 (0.765900 + 0.080780),0.857861 (0.776700 + 0.081161),0.863474 (0.782100 + 0.081374),0.851669 (0.770400 + 0.081269),0.860145 (0.778500 + 0.081645),0.861489 (0.780300 + 0.081189),0.858612 (0.777600 + 0.081012),0.865234 (0.783900 + 0.081334),0.847890 (0.766800 + 0.081090),0.844388 (0.763200 + 0.081188),0.872184 (0.791100 + 0.081084),0.854977 (0.774000 + 0.080977),0.849133 (0.767700 + 0.081433),0.872184 (0.791100 + 0.081084),0.865231 (0.783900 + 0.081331),0.849955 (0.768600 + 0.081355),0.857998 (0.776700 + 0.081298),0.873177 (0.792000 + 0.081177),0.858036 (0.776700 + 0.081336),0.872184 (0.791100 + 0.081084)
45,0.875917 (0.794700 + 0.081217),0.867016 (0.785700 + 0.081316),0.864482 (0.783000 + 0.081482),0.856554 (0.775800 + 0.080754),0.875917 (0.794700 + 0.081217),0.859162 (0.777600 + 0.081562),0.856244 (0.774900 + 0.081344),0.868435 (0.787500 + 0.080935),0.861514 (0.780300 + 0.081214),0.849657 (0.768600 + 0.081057),0.861623 (0.780300 + 0.081323),0.864515 (0.783000 + 0.081515),0.856813 (0.775800 + 0.081013),0.875917 (0.794700 + 0.081217),0.872184 (0.791100 + 0.081084),0.854411 (0.773100 + 0.081311),0.858323 (0.777600 + 0.080723),0.863427 (0.782100 + 0.081327),0.871295 (0.790200 + 0.081095),0.861178 (0.779400 + 0.081778),0.841773 (0.760500 + 0.081273),0.873177 (0.792000 + 0.081177),0.863474 (0.782100 + 0.081374),0.860359 (0.779400 + 0.080959),0.872184 (0.791100 + 0.081084),0.872184 (0.791100 + 0.081084),0.862538 (0.781200 + 0.081338),0.872184 (0.791100 + 0.081084),0.875917 (0.794700 + 0.081217),0.863474 (0.782100 + 0.081374),0.860428 (0.779400 + 0.081028),0.848284 (0.766800 + 0.081484),0.856133 (0.774900 + 0.081233),0.864482 (0.783000 + 0.081482),0.856019 (0.774900 + 0.081119),0.863441 (0.782100 + 0.081341),0.856266 (0.774900 + 0.081366),0.861209 (0.780300 + 0.080909),0.862538 (0.781200 + 0.081338),0.863105 (0.782100 + 0.081005),0.853124 (0.772200 + 0.080925),0.872184 (0.791100 + 0.081084),0.861462 (0.780300 + 0.081162),0.863938 (0.782100 + 0.081838),0.850572 (0.769500 + 0.081072),0.859375 (0.777600 + 0.081775),0.852665 (0.771300 + 0.081365),0.861209 (0.780300 + 0.080909),0.850424 (0.769500 + 0.080924),0.870256 (0.789300 + 0.080957)
46,0.875917 (0.794700 + 0.081217),0.864944 (0.783900 + 0.081044),0.860166 (0.779400 + 0.080766),0.858124 (0.776700 + 0.081424),0.860944 (0.780300 + 0.080644),0.852351 (0.771300 + 0.081051),0.852287 (0.771300 + 0.080987),0.863348 (0.782100 + 0.081248),0.865184 (0.783900 + 0.081284),0.872184 (0.791100 + 0.081084),0.846264 (0.765000 + 0.081264),0.869310 (0.788400 + 0.080910),0.854418 (0.773100 + 0.081318),0.869473 (0.788400 + 0.081073),0.861006 (0.780300 + 0.080706),0.875917 (0.794700 + 0.081217),0.875917 (0.794700 + 0.081217),0.868119 (0.786600 + 0.081519),0.859309 (0.777600 + 0.081709),0.875917 (0.794700 + 0.081217),0.849342 (0.767700 + 0.081642),0.856643 (0.775800 + 0.080843),0.873177 (0.792000 + 0.081177),0.858124 (0.776700 + 0.081424),0.859373 (0.778500 + 0.080873),0.848911 (0.767700 + 0.081211),0.855935 (0.774900 + 0.081035),0.865352 (0.784800 + 0.080552),0.855385 (0.774000 + 0.081386),0.839402 (0.758700 + 0.080702),0.857994 (0.776700 + 0.081295),0.875878 (0.794700 + 0.081178),0.857206 (0.775800 + 0.081406),0.872184 (0.791100 + 0.081084),0.856886 (0.775800 + 0.081086),0.862538 (0.781200 + 0.081338),0.875917 (0.794700 + 0.081217),0.872184 (0.791100 + 0.081084),0.872184 (0.791100 + 0.081084),0.873177 (0.792000 + 0.081177),0.861209 (0.780300 + 0.080909),0.857713 (0.776700 + 0.081013),0.868371 (0.787500 + 0.080871),0.859845 (0.778500 + 0.081345),0.861572 (0.780300 + 0.081272),0.875917 (0.794700 + 0.081217),0.864482 (0.783000 + 0.081482),0.850359 (0.768600 + 0.081759),0.853302 (0.772200 + 0.081102),0.857881 (0.776700 + 0.081181)
47,0.875917 (0.794700 + 0.081217),0.857153 (0.775800 + 0.081353),0.844442 (0.763200 + 0.081242),0.875917 (0.794700 + 0.081217),0.875917 (0.794700 + 0.081217),0.858124 (0.776700 + 0.081424),0.875917 (0.794700 + 0.081217),0.857729 (0.776700 + 0.081029),0.861180 (0.780300 + 0.080880),0.854364 (0.774000 + 0.080364),0.866040 (0.784800 + 0.081240),0.863176 (0.782100 + 0.081076),0.864482 (0.783000 + 0.081482),0.856947 (0.775800 + 0.081147),0.852673 (0.772200 + 0.080473),0.861209 (0.780300 + 0.080909),0.855949 (0.774900 + 0.081049),0.875917 (0.794700 + 0.081217),0.859437 (0.778500 + 0.080937),0.875917 (0.794700 + 0.081217),0.869473 (0.788400 + 0.081073),0.868970 (0.787500 + 0.081470),0.876594 (0.795600 + 0.080994),0.857881 (0.776700 + 0.081181),0.873177 (0.792000 + 0.081177),0.864170 (0.783000 + 0.081170),0.860852 (0.779400 + 0.081452),0.863914 (0.783000 + 0.080914),0.839372 (0.758700 + 0.080672),0.851148 (0.769500 + 0.081648),0.858842 (0.777600 + 0.081242),0.875917 (0.794700 + 0.081217),0.840977 (0.759600 + 0.081377),0.860067 (0.778500 + 0.081567),0.874927 (0.793800 + 0.081127),0.867665 (0.786600 + 0.081065),0.859373 (0.778500 + 0.080873),0.856500 (0.774900 + 0.081600),0.856915 (0.775800 + 0.081115),0.873132 (0.792000 + 0.081132),0.855190 (0.774000 + 0.081190),0.862085 (0.781200 + 0.080885),0.859665 (0.778500 + 0.081165),0.872184 (0.791100 + 0.081084),0.873177 (0.792000 + 0.081177),0.843341 (0.762300 + 0.081041),0.857763 (0.776700 + 0.081063),0.870341 (0.789300 + 0.081041),0.859815 (0.778500 + 0.081315),0.857993 (0.776700 + 0.081293)
48,0.876594 (0.795600 + 0.080994),0.875917 (0.794700 + 0.081217),0.857881 (0.776700 + 0.081181),0.859665 (0.778500 + 0.081165),0.842342 (0.761400 + 0.080942),0.875917 (0.794700 + 0.081217),0.857685 (0.776700 + 0.080985),0.855744 (0.774900 + 0.080844),0.849206 (0.767700 + 0.081506),0.875917 (0.794700 + 0.081217),0.873132 (0.792000 + 0.081132),0.860402 (0.779400 + 0.081002),0.866804 (0.785700 + 0.081104),0.872145 (0.791100 + 0.081045),0.872254 (0.791100 + 0.081154),0.863134 (0.782100 + 0.081034),0.875958 (0.794700 + 0.081258),0.861343 (0.780300 + 0.081043),0.864932 (0.783900 + 0.081032),0.852526 (0.771300 + 0.081226),0.860852 (0.779400 + 0.081452),0.873194 (0.792000 + 0.081194),0.871295 (0.790200 + 0.081095),0.873922 (0.792900 + 0.081022),0.853946 (0.773100 + 0.080846),0.861279 (0.780300 + 0.080979),0.875917 (0.794700 + 0.081217),0.875917 (0.794700 + 0.081217),0.864111 (0.783000 + 0.081111),0.852060 (0.770400 + 0.081660),0.864465 (0.783000 + 0.081465),0.868132 (0.787500 + 0.080632),0.858658 (0.777600 + 0.081058),0.872184 (0.791100 + 0.081084),0.843253 (0.762300 + 0.080953),0.844329 (0.763200 + 0.081129),0.867739 (0.786600 + 0.081139),0.875917 (0.794700 + 0.081217),0.873177 (0.792000 + 0.081177),0.875917 (0.794700 + 0.081217),0.875917 (0.794700 + 0.081217),0.854029 (0.773100 + 0.080929),0.852642 (0.771300 + 0.081342),0.873177 (0.792000 + 0.081177),0.857905 (0.776700 + 0.081205),0.860239 (0.779400 + 0.080839),0.872184 (0.791100 + 0.081084),0.873226 (0.792000 + 0.081226),0.858465 (0.777600 + 0.080865),0.852072 (0.770400 + 0.081672)
49,0.876594 (0.795600 + 0.080994),0.857783 (0.776700 + 0.081083),0.874078 (0.792900 + 0.081178),0.875917 (0.794700 + 0.081217),0.875958 (0.794700 + 0.081258),0.875917 (0.794700 + 0.081217),0.859665 (0.778500 + 0.081165),0.870305 (0.789300 + 0.081005),0.870369 (0.789300 + 0.081069),0.871295 (0.790200 + 0.081095),0.873177 (0.792000 + 0.081177),0.876594 (0.795600 + 0.080994),0.871295 (0.790200 + 0.081095),0.859070 (0.777600 + 0.081470),0.870304 (0.789300 + 0.081004),0.861657 (0.780300 + 0.081357),0.862256 (0.781200 + 0.081056),0.857914 (0.776700 + 0.081214),0.862110 (0.781200 + 0.080910),0.855092 (0.774000 + 0.081092),0.864219 (0.783000 + 0.081219),0.861345 (0.780300 + 0.081045),0.849505 (0.768600 + 0.080905),0.864036 (0.783000 + 0.081036),0.861288 (0.780300 + 0.080988),0.865057 (0.783900 + 0.081157),0.856318 (0.774900 + 0.081419),0.868753 (0.787500 + 0.081253),0.861444 (0.780300 + 0.081144),0.881227 (0.800100 + 0.081127),0.872184 (0.791100 + 0.081084),0.850072 (0.769500 + 0.080572),0.845866 (0.765000 + 0.080866),0.855995 (0.774900 + 0.081095),0.854350 (0.773100 + 0.081250),0.873194 (0.792000 + 0.081194),0.867487 (0.786600 + 0.080887),0.870534 (0.789300 + 0.081234),0.874986 (0.793800 + 0.081186),0.875958 (0.794700 + 0.081258),0.873177 (0.792000 + 0.081177),0.854935 (0.774000 + 0.080935),0.854328 (0.773100 + 0.081228),0.872184 (0.791100 + 0.081084),0.858889 (0.777600 + 0.081289),0.871517 (0.790200 + 0.081317),0.866515 (0.785700 + 0.080815),0.849363 (0.768600 + 0.080763),0.872184 (0.791100 + 0.081084),0.872145 (0.791100 + 0.081045)
50,0.881227 (0.800100 + 0.081127),0.872184 (0.791100 + 0.081084),0.874887 (0.793800 + 0.081087),0.866515 (0.785700 + 0.080815),0.849615 (0.768600 + 0.081015),0.858295 (0.777600 + 0.080695),0.870320 (0.789300 + 0.081020),0.861311 (0.780300 + 0.081011),0.875958 (0.794700 + 0.081258),0.867677 (0.786600 + 0.081077),0.857588 (0.776700 + 0.080888),0.871352 (0.790200 + 0.081152),0.852632 (0.771300 + 0.081332),0.863384 (0.782100 + 0.081284),0.858539 (0.777600 + 0.080939),0.852912 (0.772200 + 0.080712),0.870304 (0.789300 + 0.081004),0.873177 (0.792000 + 0.081177),0.864757 (0.783900 + 0.080857),0.857902 (0.776700 + 0.081202),0.871295 (0.790200 + 0.081095),0.865877 (0.784800 + 0.081077),0.869462 (0.788400 + 0.081062),0.876594 (0.795600 + 0.080994),0.872184 (0.791100 + 0.081084),0.871267 (0.790200 + 0.081067),0.850167 (0.769500 + 0.080667),0.865489 (0.784800 + 0.080689),0.858960 (0.777600 + 0.081360),0.852946 (0.772200 + 0.080746),0.857632 (0.776700 + 0.080932),0.873330 (0.792000 + 0.081330),0.865745 (0.784800 + 0.080945),0.878609 (0.797400 + 0.081209),0.857454 (0.776700 + 0.080754),0.852121 (0.771300 + 0.080821),0.872145 (0.791100 + 0.081045),0.876594 (0.795600 + 0.080994),0.859506 (0.778500 + 0.081006),0.872190 (0.791100 + 0.081090),0.876708 (0.795600 + 0.081108),0.875917 (0.794700 + 0.081217),0.855995 (0.774900 + 0.081095),0.868753 (0.787500 + 0.081253),0.871348 (0.790200 + 0.081148),0.865774 (0.784800 + 0.080974),0.873264 (0.792000 + 0.081264),0.866909 (0.785700 + 0.081209),0.871204 (0.790200 + 0.081004),0.864442 (0.783000 + 0.081442)
